ID,title,abstract,content,content_html,created_at,tag,updated_at
1,牙齿黄怎么办 从饮食调整做起,牙齿黄怎么办 从饮食调整做起 牙齿泛黄是长年累月而形成的，牙齿黄不仅是影响到美观，同时它也是在表明你的牙齿并不太健康，所以对于牙齿黄这个问题我们过于忽视，要慎重的对待。有时因为紧急情况需要我们会用一些快速美白牙齿的方法，但是想要美丽健康的牙齿，是需要我们长期用心呵护的，快捷方法可以用几次，但是不能过,<p> 牙齿泛黄是长年累月而形成的，牙齿黄不仅是影响到美观，同时它也是在表明你的牙齿并不太健康，所以对于牙齿黄这个问题我们过于忽视，要慎重的对待。有时因为紧急情况需要我们会用一些快速美白牙齿的方法，但是想要美丽健康的牙齿，是需要我们长期用心呵护的，快捷方法可以用几次，但是不能过于依赖，最终要的是我们每天坚持的生活习惯，说到底牙齿黄怎么办，我们可以从我们日常的饮食入手。<br /><br /> 牙齿黄需要多食用富含维生素C的食物<br /><br /> 如果我们照镜子时发现自己的牙齿黄黄的，也许是因为我们身体里缺乏维生素，因为维生素对于我们牙齿的美白是很有效果的，所以我们应该多吃一些富含维生素的食物如番茄、柠檬、菠菜等，我们还要特别注意的是，要多补充维生素C，因为维生素C对于保护牙齿有很大的作用，它可以防止牙龈出现红肿、牙齿出现松动等问题。<br /><br /> 牙齿黄应该多吃芹菜<br /><br /> 也许有人会觉得很奇怪，牙齿黄和芹菜有什么关系，其实芹菜有时有利于美白牙齿的，它之所以有美白牙齿的功效并不是因为芹菜本身含有什么特殊物质，而是因为在咀嚼芹菜这种粗纤维蔬菜时，牙齿和芹菜会产生摩擦，能清楚牙齿表面的食物残渣和细菌，对牙齿美白是有好处的。既然知道原理了，那么很容易就可以知道除了芹菜，其他富含膳食纤维的食物也可以有这种功效。<br /><br /> 牙齿黄应多吃葱、姜、蒜<br /><br /> 我们会觉得葱、姜、蒜这些食物味道比较大，可以作为调料品，一般来说不会去吃这些调料，但是它们的作用也是很大的。葱姜蒜虽然味道比较大，但是有比较好的杀菌效果，可以杀灭附着在牙齿上的细菌，防止蛀牙，还有助于美白牙齿的效果。所以不要嫌弃他们，平时在家里可以适当吃一下葱姜蒜。</p>,<p> 牙齿泛黄是长年累月而形成的，牙齿黄不仅是影响到美观，同时它也是在表明你的牙齿并不太健康，所以对于牙齿黄这个问题我们过于忽视，要慎重的对待。有时因为紧急情况需要我们会用一些快速美白牙齿的方法，但是想要美丽健康的牙齿，是需要我们长期用心呵护的，快捷方法可以用几次，但是不能过于依赖，最终要的是我们每天坚持的生活习惯，说到底牙齿黄怎么办，我们可以从我们日常的饮食入手。<br /><br /> 牙齿黄需要多食用富含维生素C的食物<br /><br /> 如果我们照镜子时发现自己的牙齿黄黄的，也许是因为我们身体里缺乏维生素，因为维生素对于我们牙齿的美白是很有效果的，所以我们应该多吃一些富含维生素的食物如番茄、柠檬、菠菜等，我们还要特别注意的是，要多补充维生素C，因为维生素C对于保护牙齿有很大的作用，它可以防止牙龈出现红肿、牙齿出现松动等问题。<br /><br /> 牙齿黄应该多吃芹菜<br /><br /> 也许有人会觉得很奇怪，牙齿黄和芹菜有什么关系，其实芹菜有时有利于美白牙齿的，它之所以有美白牙齿的功效并不是因为芹菜本身含有什么特殊物质，而是因为在咀嚼芹菜这种粗纤维蔬菜时，牙齿和芹菜会产生摩擦，能清楚牙齿表面的食物残渣和细菌，对牙齿美白是有好处的。既然知道原理了，那么很容易就可以知道除了芹菜，其他富含膳食纤维的食物也可以有这种功效。<br /><br /> 牙齿黄应多吃葱、姜、蒜<br /><br /> 我们会觉得葱、姜、蒜这些食物味道比较大，可以作为调料品，一般来说不会去吃这些调料，但是它们的作用也是很大的。葱姜蒜虽然味道比较大，但是有比较好的杀菌效果，可以杀灭附着在牙齿上的细菌，防止蛀牙，还有助于美白牙齿的效果。所以不要嫌弃他们，平时在家里可以适当吃一下葱姜蒜。</p>,,,2017/5/18 10:39
2,为什么你每天刷牙但牙齿还是很黄?,为什么你每天刷牙但牙齿还是很黄? 1、食物 日常生活饮食中，我们不可避免的食用有颜色的食物。除了豆腐，鸡蛋等浅颜色的食物外，其他绝大多数的五颜六色、丰富多彩的美食，都是导致黄牙原因。牙齿表面存在多种细菌，它们在牙齿表面分泌许多黏性物质。 烟草（吸烟或咀嚼烟草）、喝茶、饮咖啡、可乐、红酒，及有颜色的食,<p> 1、食物<br /><br /><br /><br /> 日常生活饮食中，我们不可避免的食用有颜色的食物。除了豆腐，鸡蛋等浅颜色的食物外，其他绝大多数的五颜六色、丰富多彩的美食，都是导致黄牙原因。牙齿表面存在多种细菌，它们在牙齿表面分泌许多黏性物质。<br /><br /> 烟草（吸烟或咀嚼烟草）、喝茶、饮咖啡、可乐、红酒，及有颜色的食物等等的摄入，都会在我们的牙齿上留下色素。这些色素吸附在这些黏性物质上，逐步使牙齿表面变黄或变黑。<br /><br /> 日积月累，这些物质还会从牙齿表面逐渐深入牙齿内部，形成内部污渍，使牙齿内部也慢慢变色，这种牙齿被成为外源性染色牙齿。也就是说，生活中只要牙齿对颜色有&ldquo;亲密接触&rdquo;，都完全拥有了被染色变黄的可能！<br /><br /> 2、药物和水质<br /><br /> 在牙齿发育时，特别是8岁以下儿童，服用了四环素类药物，容易引起牙齿变色为四环素牙。有些地区，特别是有些山区，由于水中含氟量高，过多地饮用氟会让牙齿发黄，而且不是1~2个牙齿，是满口大黄牙，成为氟斑牙。<br /><br /> 这些染色牙齿被称为内源性染色牙。这些&ldquo;病态&rdquo;牙齿，深色色素埋藏在牙齿的深层，是日常刷牙无法触及的，只有通过特殊的美白方法才能令牙齿&ldquo;脱胎换骨&rdquo;。<br /><br /> 3、卫生习惯<br /><br /> 有些人不注意口腔卫生，没有早晚正确刷牙的习惯，使牙齿表面堆积一层食物残渣、软垢、牙石、烟渍、茶渍等&ldquo;劣迹&rdquo;。这些黄牙并不是牙齿本身发黄，而是不注意口腔卫生造成的。<br /><br /> 4、龄性黄牙<br /><br /> 我们永远无法抵抗的，就是自然的老化。随年龄增长，我们的牙齿难抵沧桑，颜色逐渐黯淡发黄。岁月使皮肤留下皱纹，同样也能让牙齿不再亮白如初。</p>,<p> 1、食物<br /><br /><br /><br /> 日常生活饮食中，我们不可避免的食用有颜色的食物。除了豆腐，鸡蛋等浅颜色的食物外，其他绝大多数的五颜六色、丰富多彩的美食，都是导致黄牙原因。牙齿表面存在多种细菌，它们在牙齿表面分泌许多黏性物质。<br /><br /> 烟草（吸烟或咀嚼烟草）、喝茶、饮咖啡、可乐、红酒，及有颜色的食物等等的摄入，都会在我们的牙齿上留下色素。这些色素吸附在这些黏性物质上，逐步使牙齿表面变黄或变黑。<br /><br /> 日积月累，这些物质还会从牙齿表面逐渐深入牙齿内部，形成内部污渍，使牙齿内部也慢慢变色，这种牙齿被成为外源性染色牙齿。也就是说，生活中只要牙齿对颜色有&ldquo;亲密接触&rdquo;，都完全拥有了被染色变黄的可能！<br /><br /> 2、药物和水质<br /><br /> 在牙齿发育时，特别是8岁以下儿童，服用了四环素类药物，容易引起牙齿变色为四环素牙。有些地区，特别是有些山区，由于水中含氟量高，过多地饮用氟会让牙齿发黄，而且不是1~2个牙齿，是满口大黄牙，成为氟斑牙。<br /><br /> 这些染色牙齿被称为内源性染色牙。这些&ldquo;病态&rdquo;牙齿，深色色素埋藏在牙齿的深层，是日常刷牙无法触及的，只有通过特殊的美白方法才能令牙齿&ldquo;脱胎换骨&rdquo;。<br /><br /> 3、卫生习惯<br /><br /> 有些人不注意口腔卫生，没有早晚正确刷牙的习惯，使牙齿表面堆积一层食物残渣、软垢、牙石、烟渍、茶渍等&ldquo;劣迹&rdquo;。这些黄牙并不是牙齿本身发黄，而是不注意口腔卫生造成的。<br /><br /> 4、龄性黄牙<br /><br /> 我们永远无法抵抗的，就是自然的老化。随年龄增长，我们的牙齿难抵沧桑，颜色逐渐黯淡发黄。岁月使皮肤留下皱纹，同样也能让牙齿不再亮白如初。</p>,,,2017/5/19 10:39
3,黄牙齿怎么变白,随着人们对自身形象要求的提高，越来越多的朋友开始关注口腔内牙齿的健康，也有很多牙齿很黄，怎么刷也刷不白的牙齿，严重的影响带自身形象的问题，这令很多人都在困扰，那么黄牙齿怎么变白?　　想要美白牙齿，首先应该明白你的黄牙是由什么原因所形成的。牙齿发黄俗称&ldquo;黄牙&rdquo;，主要有三种原因所,"<p>　　随着人们对自身形象要求的提高，越来越多的朋友开始关注口腔内牙齿的健康，也有很多牙齿很黄，怎么刷也刷不白的牙齿，严重的影响带自身形象的问题，这令很多人都在困扰，那么黄牙齿怎么变白?</p><p style=""text-align: center;""></p><p>　　想要美白牙齿，首先应该明白你的黄牙是由什么原因所形成的。牙齿发黄俗称&ldquo;黄牙&rdquo;，主要有三种原因所造成的，第一种是吸烟，把烟草中黄色的物质黏着在牙齿上所形成。第二种，四环素牙，四环素牙形成的因素是因为儿童时期经常服用四环素所导致的，它在体内与钙质相结合，生成一种四环素钙的黄色复合物，沉积于牙冠上。第三种氟斑牙，氟斑牙形成是因为饮用水中的氟元素浓度过高影响的，当氟摄入过高，就会影响牙胚的钙化过程，使牙齿发黄变色，凹凸不平。</p><p>　　美白推荐：Beyond冷光美白技术</p><p>　　冷光没白技术是通过低温将波长介于480-520nanometer之间的高强度冷光，经由12000多根光纤传导，通过两片经30多次镀膜处理的光学镜片，照射到涂抹了特殊美白剂的牙齿上，完全避免了操作过程中对牙神经的刺激而引发的不适感，亲水性药物和完全不接触牙龈的美白过程，不会造成对牙齿及珐琅质的任何损伤。适用于牙齿外因性的染色，如咖啡、酱油、茶等造成的染色，采用冷光美白可以达到很好的效果;对于轻中度的四环素牙、氟斑牙患者，或者其它因素引起的变色牙，遗传性黄黑齿，一般通过一次冷光美白牙治疗都可以获得满意的效果。</p>","<p>　　随着人们对自身形象要求的提高，越来越多的朋友开始关注口腔内牙齿的健康，也有很多牙齿很黄，怎么刷也刷不白的牙齿，严重的影响带自身形象的问题，这令很多人都在困扰，那么黄牙齿怎么变白?</p><p style=""text-align: center;""></p><p>　　想要美白牙齿，首先应该明白你的黄牙是由什么原因所形成的。牙齿发黄俗称&ldquo;黄牙&rdquo;，主要有三种原因所造成的，第一种是吸烟，把烟草中黄色的物质黏着在牙齿上所形成。第二种，四环素牙，四环素牙形成的因素是因为儿童时期经常服用四环素所导致的，它在体内与钙质相结合，生成一种四环素钙的黄色复合物，沉积于牙冠上。第三种氟斑牙，氟斑牙形成是因为饮用水中的氟元素浓度过高影响的，当氟摄入过高，就会影响牙胚的钙化过程，使牙齿发黄变色，凹凸不平。</p><p>　　美白推荐：Beyond冷光美白技术</p><p>　　冷光没白技术是通过低温将波长介于480-520nanometer之间的高强度冷光，经由12000多根光纤传导，通过两片经30多次镀膜处理的光学镜片，照射到涂抹了特殊美白剂的牙齿上，完全避免了操作过程中对牙神经的刺激而引发的不适感，亲水性药物和完全不接触牙龈的美白过程，不会造成对牙齿及珐琅质的任何损伤。适用于牙齿外因性的染色，如咖啡、酱油、茶等造成的染色，采用冷光美白可以达到很好的效果;对于轻中度的四环素牙、氟斑牙患者，或者其它因素引起的变色牙，遗传性黄黑齿，一般通过一次冷光美白牙治疗都可以获得满意的效果。</p>",,,2017/5/20 10:39
4,青少年的牙齿黄怎么变白,现在的青少年普遍存在着牙齿发黄的问题，很多爱美的人士们都在关注青少年的牙齿黄怎么变白这个问题，下面就来了解一下青少年的牙齿黄怎么变白。对于青少年的牙齿黄怎么变白这个问题，口腔中心讲，一般来说，大体上可分为内源性和外源性两种。外源性主要由茶垢、烟渍、红酒以及饮用水中的,<p> 　　现在的青少年普遍存在着牙齿发黄的问题，很多爱美的人士们都在关注青少年的牙齿黄怎么变白这个问题，下面就来了解一下青少年的牙齿黄怎么变白。<br /><br /> 　　对于青少年的牙齿黄怎么变白这个问题，口腔中心讲，一般来说，大体上可分为内源性和外源性两种。外源性主要由茶垢、烟渍、红酒以及饮用水中的矿物质引起。内源性着色是在牙齿发育过程中形成的，如四环素牙、氟斑牙等。牙齿美白必须针对着色原因治疗，才能收到理想效果。<br /><br /> 　　青少年的牙齿黄怎么变白？常用的牙齿美白方法有：<br /><br /> 　　1、冷光美白牙：这种技术是一项正流行于欧美的最新牙齿美白技术，它不仅可以去除牙齿表面的色素沉积，同时可进入牙齿深层达到脱色的效果。根据临床实验表明，使用冷光牙齿美白技术，其效果可提高5-14个vita色阶，不仅优于同类产品，更超过家用牙套美白效果30%以上。操作过程仅需三十分钟，无副作用，美白效果可维持两年以上。<br /><br /> 　　2、贴面美白：是在牙齿表面粘上一层烤瓷片或塑料牙片及树脂，遮盖变色的牙齿。这种方法的缺点是，如果医生治疗水平或个人保养不好，会很快磨损脱落。<br /><br /> 　　3、烤瓷冠：是将做好的烤瓷牙套粘固在经过磨改后的真牙上。目前应用比较普遍，对内源性着色过深，用其他方法效果不满意的人较为适宜。但它要磨除一部分牙体组织，对牙齿本身也是一种损伤。</p>,<p> 　　现在的青少年普遍存在着牙齿发黄的问题，很多爱美的人士们都在关注青少年的牙齿黄怎么变白这个问题，下面就来了解一下青少年的牙齿黄怎么变白。<br /><br /> 　　对于青少年的牙齿黄怎么变白这个问题，口腔中心讲，一般来说，大体上可分为内源性和外源性两种。外源性主要由茶垢、烟渍、红酒以及饮用水中的矿物质引起。内源性着色是在牙齿发育过程中形成的，如四环素牙、氟斑牙等。牙齿美白必须针对着色原因治疗，才能收到理想效果。<br /><br /> 　　青少年的牙齿黄怎么变白？常用的牙齿美白方法有：<br /><br /> 　　1、冷光美白牙：这种技术是一项正流行于欧美的最新牙齿美白技术，它不仅可以去除牙齿表面的色素沉积，同时可进入牙齿深层达到脱色的效果。根据临床实验表明，使用冷光牙齿美白技术，其效果可提高5-14个vita色阶，不仅优于同类产品，更超过家用牙套美白效果30%以上。操作过程仅需三十分钟，无副作用，美白效果可维持两年以上。<br /><br /> 　　2、贴面美白：是在牙齿表面粘上一层烤瓷片或塑料牙片及树脂，遮盖变色的牙齿。这种方法的缺点是，如果医生治疗水平或个人保养不好，会很快磨损脱落。<br /><br /> 　　3、烤瓷冠：是将做好的烤瓷牙套粘固在经过磨改后的真牙上。目前应用比较普遍，对内源性着色过深，用其他方法效果不满意的人较为适宜。但它要磨除一部分牙体组织，对牙齿本身也是一种损伤。</p>,,,2017/5/21 10:39
5,宝宝牙齿有黄斑怎么办？,医生你好，请问宝宝牙齿有黄斑怎么办？宝宝今年才6岁，牙齿上有黄斑，看上去特别影响外貌美观，害怕孩子长大了给他造成心理压力，准备带宝宝到医院治疗，可是不知道宝宝黄斑如何治疗？专家回复：宝宝牙齿有黄斑怎么办？你好，宝宝牙齿黄斑的确影响外貌美观，建议你及时带孩子到医,<p> 　　医生你好，请问宝宝牙齿有黄斑怎么办？宝宝今年才6岁，牙齿上有黄斑，看上去特别影响外貌美观，害怕孩子长大了给他造成心理压力，准备带宝宝到医院治疗，可是不知道宝宝黄斑如何治疗？<br /><br /> 　　专家回复：宝宝牙齿有黄斑怎么办？<br /><br /> 　　你好，宝宝牙齿黄斑的确影响外貌美观，建议你及时带孩子到医院检查一下，然后根据具体情况对症治疗。若牙齿黄斑是外源性因素引起的，常通过洗牙的方法即可恢复牙齿的洁白；若是内源性因素引起的，如氟斑牙或四环素牙，常通过冷光美白、牙脱色素、全瓷牙等美白方法，恢复牙齿的靓丽洁白。</p>,<p> 　　医生你好，请问宝宝牙齿有黄斑怎么办？宝宝今年才6岁，牙齿上有黄斑，看上去特别影响外貌美观，害怕孩子长大了给他造成心理压力，准备带宝宝到医院治疗，可是不知道宝宝黄斑如何治疗？<br /><br /> 　　专家回复：宝宝牙齿有黄斑怎么办？<br /><br /> 　　你好，宝宝牙齿黄斑的确影响外貌美观，建议你及时带孩子到医院检查一下，然后根据具体情况对症治疗。若牙齿黄斑是外源性因素引起的，常通过洗牙的方法即可恢复牙齿的洁白；若是内源性因素引起的，如氟斑牙或四环素牙，常通过冷光美白、牙脱色素、全瓷牙等美白方法，恢复牙齿的靓丽洁白。</p>,,,2017/5/22 10:39
6,牙齿变黄的主要原因是什么,我们的牙齿虽然每天都在清洁，其实光刷牙是远远不够的，黄牙色素是刷不掉的，牙齿变黄的原因是什么呢?谁都想拥有一口洁白整齐的牙齿，但是为什么你的牙齿虽然每天都在清洁，还是看起来黄黄的呢?牙齿变黄主要原因是什么呢?一起来看下以下的解释。外源性黄牙：由于食物色素贴在,<p> 　　我们的牙齿虽然每天都在清洁，其实光刷牙是远远不够的，黄牙色素是刷不掉的，牙齿变黄的原因是什么呢?<br /><br /> 　　谁都想拥有一口洁白整齐的牙齿，但是为什么你的牙齿虽然每天都在清洁，还是看起来黄黄的呢?牙齿变黄主要原因是什么呢?一起来看下以下的解释。<br /><br /> 　　外源性黄牙：由于食物色素贴在牙面上，呈黄色或灰色;吸烟的 烟垢、饮料、咖啡、茶的色素等附着牙齿上呈黄灰色。<br /><br /> 　　内源性黄牙：牙齿受到某中元素影响，色素不在牙齿表面而在牙齿组织内，主要有两种：氟斑牙和四环素牙。氟斑牙是七岁以前，生活在饮水含氟较高的地区造成的，色素在牙齿表层牙釉质内，呈黄褐 色斑块状，严重者牙齿表面还有凹凸不平的缺损，一般以上颌的门牙最为明显，因此严重影响美观。四环素牙是七岁以前服用四环素类药物造成的，四环素分子可与牙体组织内的钙结合，形成极稳定的螯合 物，沉积于牙体组织中，使牙着色。全口牙都可呈棕灰色或棕黄色。<br /><br /> 　　专家表示，虽然国内牙齿美白的市场需求很大，但我们不推荐消费者进行牙齿美白，因为目前对于国内消费者来说，保护牙齿健康才是最重要的，而且，到目前为止，市场上还未出现一种绝对能满足消费者需求的牙齿美白产品。<br /><br /> 　　专家介绍：因为有患者需要，一开始一些医院也是有牙齿脱色服务的，但是，这项服务却屡屡引起患者的不满。原因是，牙齿脱色效果难以满足消费者的期望，许多消费者都希望在进行牙齿脱色后，自己的牙齿可以像明星的牙齿那样，雪白晶莹，其实这非常不现实，除非是做烤瓷牙，否则现在还没有美白功效那么显著的产品。因为总是有患者提意见，影响了医院的口碑，而且美白牙齿只是对牙齿的美观有帮助，对牙齿健康没有任何效果，所以部分医院干脆停止了牙齿脱色这项业务。</p>,<p> 　　我们的牙齿虽然每天都在清洁，其实光刷牙是远远不够的，黄牙色素是刷不掉的，牙齿变黄的原因是什么呢?<br /><br /> 　　谁都想拥有一口洁白整齐的牙齿，但是为什么你的牙齿虽然每天都在清洁，还是看起来黄黄的呢?牙齿变黄主要原因是什么呢?一起来看下以下的解释。<br /><br /> 　　外源性黄牙：由于食物色素贴在牙面上，呈黄色或灰色;吸烟的 烟垢、饮料、咖啡、茶的色素等附着牙齿上呈黄灰色。<br /><br /> 　　内源性黄牙：牙齿受到某中元素影响，色素不在牙齿表面而在牙齿组织内，主要有两种：氟斑牙和四环素牙。氟斑牙是七岁以前，生活在饮水含氟较高的地区造成的，色素在牙齿表层牙釉质内，呈黄褐 色斑块状，严重者牙齿表面还有凹凸不平的缺损，一般以上颌的门牙最为明显，因此严重影响美观。四环素牙是七岁以前服用四环素类药物造成的，四环素分子可与牙体组织内的钙结合，形成极稳定的螯合 物，沉积于牙体组织中，使牙着色。全口牙都可呈棕灰色或棕黄色。<br /><br /> 　　专家表示，虽然国内牙齿美白的市场需求很大，但我们不推荐消费者进行牙齿美白，因为目前对于国内消费者来说，保护牙齿健康才是最重要的，而且，到目前为止，市场上还未出现一种绝对能满足消费者需求的牙齿美白产品。<br /><br /> 　　专家介绍：因为有患者需要，一开始一些医院也是有牙齿脱色服务的，但是，这项服务却屡屡引起患者的不满。原因是，牙齿脱色效果难以满足消费者的期望，许多消费者都希望在进行牙齿脱色后，自己的牙齿可以像明星的牙齿那样，雪白晶莹，其实这非常不现实，除非是做烤瓷牙，否则现在还没有美白功效那么显著的产品。因为总是有患者提意见，影响了医院的口碑，而且美白牙齿只是对牙齿的美观有帮助，对牙齿健康没有任何效果，所以部分医院干脆停止了牙齿脱色这项业务。</p>,,,2017/5/23 10:39
7,孩子换牙长黄牙怎么办？,医生你好，请问孩子换牙长黄牙怎么办？孩子今年8岁，刚换的牙齿黄黄的，看上去特别影响外貌美观，害怕给孩子造成心理压力，准备带孩子到医院治疗，可是不知道孩子刚换的牙黄如何治疗？专家回复：孩子换牙长黄牙怎么办？你好，黄牙在生活中很常见，不但影响外貌美观，而且不利于口,<p> 　　医生你好，请问孩子换牙长黄牙怎么办？孩子今年8岁，刚换的牙齿黄黄的，看上去特别影响外貌美观，害怕给孩子造成心理压力，准备带孩子到医院治疗，可是不知道孩子刚换的牙黄如何治疗？<br /><br /> 　　专家回复：孩子换牙长黄牙怎么办？<br /><br /> 　　你好，黄牙在生活中很常见，不但影响外貌美观，而且不利于口腔的健康，及时到医院治疗非常必要。至于孩子黄牙如何治疗视个人牙齿情况而定，若黄牙是内源性因素引起的，常通过牙齿美白的方法恢复牙齿的洁白，如冷光美白、牙脱色素、全瓷牙等方法，具体选择哪种方法视个人情况而定，毕竟最适合自己的才是最好的；若黄牙是由于外源性因素引起的，常通过洗牙清除黄牙。</p>,<p> 　　医生你好，请问孩子换牙长黄牙怎么办？孩子今年8岁，刚换的牙齿黄黄的，看上去特别影响外貌美观，害怕给孩子造成心理压力，准备带孩子到医院治疗，可是不知道孩子刚换的牙黄如何治疗？<br /><br /> 　　专家回复：孩子换牙长黄牙怎么办？<br /><br /> 　　你好，黄牙在生活中很常见，不但影响外貌美观，而且不利于口腔的健康，及时到医院治疗非常必要。至于孩子黄牙如何治疗视个人牙齿情况而定，若黄牙是内源性因素引起的，常通过牙齿美白的方法恢复牙齿的洁白，如冷光美白、牙脱色素、全瓷牙等方法，具体选择哪种方法视个人情况而定，毕竟最适合自己的才是最好的；若黄牙是由于外源性因素引起的，常通过洗牙清除黄牙。</p>,,,2017/5/24 10:39
8,牙齿黄有牙垢怎么去掉？,医生你好，请问牙齿黄有牙垢怎么去掉？今年23岁，牙齿上堆积很多黄色牙垢，看上去特别影响外貌美观，给我心里造成很大负担，准备到医院治疗，可是不知道牙齿上黄垢如何清除？专家回复：牙齿黄有牙垢怎么去掉？你好，牙齿上有黄垢的确使外貌美观大打折扣，及时到医院清除非常必要,<p> 　　医生你好，请问牙齿黄有牙垢怎么去掉？今年23岁，牙齿上堆积很多黄色牙垢，看上去特别影响外貌美观，给我心里造成很大负担，准备到医院治疗，可是不知道牙齿上黄垢如何清除？<br /><br /> 　　专家回复：牙齿黄有牙垢怎么去掉？<br /><br /> 　　你好，牙齿上有黄垢的确使外貌美观大打折扣，及时到医院清除非常必要。针对牙齿的黄垢临床上常通过洗牙的方法清除，进而恢复牙齿的洁白，让广大顾客绽放自信微笑。至于郑州医院洗牙要多少钱不定，因为不同的人牙齿情况和需求不同，所选择的洗牙方式不同，当然洗牙价格有所差别，如超声波洗牙加抛光190元左右、人工洗牙加抛光460元左右，此外洗牙还受所选择的医院等因素的影响。</p>,<p> 　　医生你好，请问牙齿黄有牙垢怎么去掉？今年23岁，牙齿上堆积很多黄色牙垢，看上去特别影响外貌美观，给我心里造成很大负担，准备到医院治疗，可是不知道牙齿上黄垢如何清除？<br /><br /> 　　专家回复：牙齿黄有牙垢怎么去掉？<br /><br /> 　　你好，牙齿上有黄垢的确使外貌美观大打折扣，及时到医院清除非常必要。针对牙齿的黄垢临床上常通过洗牙的方法清除，进而恢复牙齿的洁白，让广大顾客绽放自信微笑。至于郑州医院洗牙要多少钱不定，因为不同的人牙齿情况和需求不同，所选择的洗牙方式不同，当然洗牙价格有所差别，如超声波洗牙加抛光190元左右、人工洗牙加抛光460元左右，此外洗牙还受所选择的医院等因素的影响。</p>,,,2017/5/25 10:39
9,3岁孩子黄牙是怎么回事？,医生您好！我的孩子今年三岁，平时爱吃甜食，牙齿不太好，颜色发黄，我想问问医生：3岁孩子黄牙是怎么回事？专家回复：3岁孩子黄牙是怎么回事？婴幼儿时期的孩子牙齿发黄的主要原因有：儿童牙齿发育期缺乏钙质；平时没有做好口腔卫生，给孩子喂食后没有及时清理食物残渣，滋生,<p> 　　医生您好！我的孩子今年三岁，平时爱吃甜食，牙齿不太好，颜色发黄，我想问问医生：3岁孩子黄牙是怎么回事？<br /><br /> 　　专家回复：3岁孩子黄牙是怎么回事？<br /><br /> 　　婴幼儿时期的孩子牙齿发黄的主要原因有：儿童牙齿发育期缺乏钙质；平时没有做好口腔卫生，给孩子喂食后没有及时清理食物残渣，滋生细菌附着于表面，形成黄色斑块。<br /><br /> 　　如果缺钙引起的黄牙，要及时补充钙质，平时要给孩子养成良好的口腔习惯，口腔卫生不好也是儿童牙黄的常见原因，吃过东西后，要养成漱口的好习惯，按时刷牙可以有效的清除牙间隙和内侧面的菌斑，认真刷牙，清洁口腔，少吃甜食，更好的保持口腔卫生。孩子牙齿的着色问题也会逐渐减轻。</p>,<p> 　　医生您好！我的孩子今年三岁，平时爱吃甜食，牙齿不太好，颜色发黄，我想问问医生：3岁孩子黄牙是怎么回事？<br /><br /> 　　专家回复：3岁孩子黄牙是怎么回事？<br /><br /> 　　婴幼儿时期的孩子牙齿发黄的主要原因有：儿童牙齿发育期缺乏钙质；平时没有做好口腔卫生，给孩子喂食后没有及时清理食物残渣，滋生细菌附着于表面，形成黄色斑块。<br /><br /> 　　如果缺钙引起的黄牙，要及时补充钙质，平时要给孩子养成良好的口腔习惯，口腔卫生不好也是儿童牙黄的常见原因，吃过东西后，要养成漱口的好习惯，按时刷牙可以有效的清除牙间隙和内侧面的菌斑，认真刷牙，清洁口腔，少吃甜食，更好的保持口腔卫生。孩子牙齿的着色问题也会逐渐减轻。</p>,,,2017/5/26 10:39
10,黄牙是怎么形成的？怎么治？？,医生您好！据家里人说，我的牙是小时候换牙以后才变黄的，主要是前牙，我现在都大学毕业了，平时一说话就露出几颗明显的黄牙，很影响美观，我想问问医生：该怎么让牙齿变白啊？专家回复：黄牙是怎么形成的？怎么治？？黄牙形成的原因分为内源性的和外源性的，内源性是指牙齿,<p> 　　医生您好！据家里人说，我的牙是小时候换牙以后才变黄的，主要是前牙，我现在都大学毕业了，平时一说话就露出几颗明显的黄牙，很影响美观，我想问问医生：该怎么让牙齿变白啊？<br /><br /> 　　专家回复：黄牙是怎么形成的？怎么治？？<br /><br /> 　　黄牙形成的原因分为内源性的和外源性的，内源性是指牙齿发育期间，当地水质中氟含量较高所致，引起的氟斑牙；还有一种是儿童长期服用四环素所致，与钙化物相结合，生成的钙化物，色素沉积于牙冠。外源性是多是生活习惯引起的：吸烟，饮茶，喝咖啡等引起的。<br /><br /> 　　黄牙美白的方法很多种：药物美白，冷光美白等，药物美白采用取模的方式，患者可以自行上药美白，美白的时间视每个人的具体情况决定，如果情况较严重的，可采用瓷贴面或烤瓷冠修复的方法。</p>,<p> 　　医生您好！据家里人说，我的牙是小时候换牙以后才变黄的，主要是前牙，我现在都大学毕业了，平时一说话就露出几颗明显的黄牙，很影响美观，我想问问医生：该怎么让牙齿变白啊？<br /><br /> 　　专家回复：黄牙是怎么形成的？怎么治？？<br /><br /> 　　黄牙形成的原因分为内源性的和外源性的，内源性是指牙齿发育期间，当地水质中氟含量较高所致，引起的氟斑牙；还有一种是儿童长期服用四环素所致，与钙化物相结合，生成的钙化物，色素沉积于牙冠。外源性是多是生活习惯引起的：吸烟，饮茶，喝咖啡等引起的。<br /><br /> 　　黄牙美白的方法很多种：药物美白，冷光美白等，药物美白采用取模的方式，患者可以自行上药美白，美白的时间视每个人的具体情况决定，如果情况较严重的，可采用瓷贴面或烤瓷冠修复的方法。</p>,,,2017/5/27 10:39
11,黄牙美白要多少钱？,医生您好！我的牙齿有些发黄，不是很严重，主要是觉得很难看，但我是个学生，经济能力一般，我想问问：牙齿美白要多少钱？专家回复：黄牙美白要多少钱？牙齿美白的方法包括：药物美白，遮盖美白，洗牙则是还原牙齿的本色。冷光美白是一项常用的牙齿美白技术，不仅可以有效去除牙齿表面,<p> 　　医生您好！我的牙齿有些发黄，不是很严重，主要是觉得很难看，但我是个学生，经济能力一般，我想问问：牙齿美白要多少钱？<br /><br /> 　　专家回复：黄牙美白要多少钱？<br /><br /> 　　牙齿美白的方法包括：药物美白，遮盖美白，洗牙则是还原牙齿的本色。冷光美白是一项常用的牙齿美白技术，不仅可以有效去除牙齿表面的色素沉积，还可以牙齿深层达到脱色的效果。经专业的牙医师进行操作后，它的美白效果是比传统方法更显着，操作过程只需30分钟，就能起到美白效果。冷光美白的价格是在1600元左右。</p>,<p> 　　医生您好！我的牙齿有些发黄，不是很严重，主要是觉得很难看，但我是个学生，经济能力一般，我想问问：牙齿美白要多少钱？<br /><br /> 　　专家回复：黄牙美白要多少钱？<br /><br /> 　　牙齿美白的方法包括：药物美白，遮盖美白，洗牙则是还原牙齿的本色。冷光美白是一项常用的牙齿美白技术，不仅可以有效去除牙齿表面的色素沉积，还可以牙齿深层达到脱色的效果。经专业的牙医师进行操作后，它的美白效果是比传统方法更显着，操作过程只需30分钟，就能起到美白效果。冷光美白的价格是在1600元左右。</p>,,,2017/5/28 10:39
12,黄牙变白的方法有哪些,"牙齿黄黄的，别人看起来会觉得不雅观，也过不了自己的那一关。黄牙变白一直是一件十分重要的事情，那么黄牙要变白都有什么方法?下面就由专家来为我们介绍。黄牙变白的方法一般有哪些雷射牙齿美白是利用较高浓度的漂白剂(H2O2 过化氢),搭配适当的雷射剂量,催化特殊触","<p> 　　牙齿黄黄的，别人看起来会觉得不雅观，也过不了自己的那一关。黄牙变白一直是一件十分重要的事情，那么黄牙要变白都有什么方法?下面就由专家来为我们介绍。<br /><br /><br /> 　　黄牙变白的方法一般有哪些<br /><br /> 　　雷射牙齿美白<br /><br /> 　　是利用较高浓度的漂白剂(H2O2 过化氢),搭配适当的雷射剂量,催化特殊触媒,强化过氧化氢的漂白作用,将齿内有机色素,由碳环结构,漂白至亲水性无色素结构,而达到黄牙美白的疗效。<br /><br /> 　　牙齿喷砂<br /><br /> 　　由空气、水、颗粒所组成的牙科喷砂处理机可以将牙齿表面上所有的染色清除干净。包括牙齿表面上的凹洞处、沟槽处和邻接面处，主要是通过去除附加在牙齿表面上的牙结石、牙菌斑和染色，而恢复牙齿原来的颜色，从而达到牙齿清洁美白的效果。<br /><br /> 　　Zoom2&reg;牙齿美白技术<br /><br /> 　　Zoom2&reg;是美国及欧洲等发达地区最专业最流行的牙齿美白技术，它通过专业的纳米蓝光机与活性美白凝胶(含有口腔医学美白所需的活性氧化剂、催化激活剂、硝酸钾、健齿氟化物、无定形磷酸钙(ACP)等)的相互促进作用而消除牙齿(牙釉质、牙本质)上的色素沉积，可提高6~17个VITA色效果，使牙齿恢复正常的洁白色阶。美国Zoom!&reg;在国际上首创个人精准美白套装，一套牙齿美白材料(含一回3次美白凝胶和3块纳米蓝光机开机芯片)，仅限顾客本人当次连续使用完毕(一次治疗分3个15分钟治疗完毕)，别人无法使用，即保障美白效果，又保障顾客的消费权益。</p>","<p> 　　牙齿黄黄的，别人看起来会觉得不雅观，也过不了自己的那一关。黄牙变白一直是一件十分重要的事情，那么黄牙要变白都有什么方法?下面就由专家来为我们介绍。<br /><br /><br /> 　　黄牙变白的方法一般有哪些<br /><br /> 　　雷射牙齿美白<br /><br /> 　　是利用较高浓度的漂白剂(H2O2 过化氢),搭配适当的雷射剂量,催化特殊触媒,强化过氧化氢的漂白作用,将齿内有机色素,由碳环结构,漂白至亲水性无色素结构,而达到黄牙美白的疗效。<br /><br /> 　　牙齿喷砂<br /><br /> 　　由空气、水、颗粒所组成的牙科喷砂处理机可以将牙齿表面上所有的染色清除干净。包括牙齿表面上的凹洞处、沟槽处和邻接面处，主要是通过去除附加在牙齿表面上的牙结石、牙菌斑和染色，而恢复牙齿原来的颜色，从而达到牙齿清洁美白的效果。<br /><br /> 　　Zoom2&reg;牙齿美白技术<br /><br /> 　　Zoom2&reg;是美国及欧洲等发达地区最专业最流行的牙齿美白技术，它通过专业的纳米蓝光机与活性美白凝胶(含有口腔医学美白所需的活性氧化剂、催化激活剂、硝酸钾、健齿氟化物、无定形磷酸钙(ACP)等)的相互促进作用而消除牙齿(牙釉质、牙本质)上的色素沉积，可提高6~17个VITA色效果，使牙齿恢复正常的洁白色阶。美国Zoom!&reg;在国际上首创个人精准美白套装，一套牙齿美白材料(含一回3次美白凝胶和3块纳米蓝光机开机芯片)，仅限顾客本人当次连续使用完毕(一次治疗分3个15分钟治疗完毕)，别人无法使用，即保障美白效果，又保障顾客的消费权益。</p>",,,2017/5/29 10:39
13,洗黄牙多少钱,洗黄牙多少钱　　了解洗黄牙多少钱，我们要先清楚黄牙形成的原因和具体情况，如果是烟渍，茶渍造成的外源性因素的着色牙，可以选择超声波洁治加喷砂的方法，将沉积于牙根部的牙结石、菌斑清除干净，维护口腔卫生，注意平时少吃深色类的食物。如果是口腔卫生状况差造成的黄牙，就要做好口腔卫生的维护，养成良好的刷牙习惯，,<p>洗黄牙多少钱</p><p>　　了解洗黄牙多少钱，我们要先清楚黄牙形成的原因和具体情况，如果是烟渍，茶渍造成的外源性因素的着色牙，可以选择超声波洁治加喷砂的方法，将沉积于牙根部的牙结石、菌斑清除干净，维护口腔卫生，注意平时少吃深色类的食物。如果是口腔卫生状况差造成的黄牙，就要做好口腔卫生的维护，养成良好的刷牙习惯，保持口腔卫生的清洁。</p><p>　　如果是色素沉着引起的黄牙，像氟斑牙，四环素牙，这些在牙齿发育期间色素沉积于牙体组织内，就不能用简单的洗牙方法了，洗牙无法消除牙齿内部的色素，就需要牙齿美白。美白的方法比较多：药物美白，冷光美白，瓷贴片等，美白的方法不同，价格也不同，具体还要根据患者黄色的程度。</p><p>　　冷光美白是常用的牙齿美白的方法，冷光美白是将高强度的蓝光，经光纤传导，做低温处理，不会伤害口腔组织，冷光美白的操作时间仅需30分钟，不仅可以去除牙齿表面的色素沉积，还可以深入牙齿的深层达到脱色的效果，快速透过牙小管作用于牙齿深层，与造成黄牙的氟离子、铁离子产生氧化还原的作用，使黄牙逐渐变白，这是一种安全有效的脱色美白方法。</p>,<p>洗黄牙多少钱</p><p>　　了解洗黄牙多少钱，我们要先清楚黄牙形成的原因和具体情况，如果是烟渍，茶渍造成的外源性因素的着色牙，可以选择超声波洁治加喷砂的方法，将沉积于牙根部的牙结石、菌斑清除干净，维护口腔卫生，注意平时少吃深色类的食物。如果是口腔卫生状况差造成的黄牙，就要做好口腔卫生的维护，养成良好的刷牙习惯，保持口腔卫生的清洁。</p><p>　　如果是色素沉着引起的黄牙，像氟斑牙，四环素牙，这些在牙齿发育期间色素沉积于牙体组织内，就不能用简单的洗牙方法了，洗牙无法消除牙齿内部的色素，就需要牙齿美白。美白的方法比较多：药物美白，冷光美白，瓷贴片等，美白的方法不同，价格也不同，具体还要根据患者黄色的程度。</p><p>　　冷光美白是常用的牙齿美白的方法，冷光美白是将高强度的蓝光，经光纤传导，做低温处理，不会伤害口腔组织，冷光美白的操作时间仅需30分钟，不仅可以去除牙齿表面的色素沉积，还可以深入牙齿的深层达到脱色的效果，快速透过牙小管作用于牙齿深层，与造成黄牙的氟离子、铁离子产生氧化还原的作用，使黄牙逐渐变白，这是一种安全有效的脱色美白方法。</p>,,,2017/5/30 10:39
14,内源性黄牙怎么治,内源性黄牙是由于牙齿在生长发育期造成的牙齿着色，色素不在牙齿表面而在牙齿组织内，主要包括四环素牙和氟斑牙。四环素牙是服用过多的四环素类药物在体内与钙质相结合，生成一种四环素钙的黄色复合物，沉积于牙冠上。氟斑牙则是七岁以前生活在高氟区摄入过多的氟造成的牙齿染色，色素在牙釉质内，呈,<p> 　　内源性黄牙是由于牙齿在生长发育期造成的牙齿着色，色素不在牙齿表面而在牙齿组织内，主要包括四环素牙和氟斑牙。四环素牙是服用过多的四环素类药物在体内与钙质相结合，生成一种四环素钙的黄色复合物，沉积于牙冠上。氟斑牙则是七岁以前生活在高氟区摄入过多的氟造成的牙齿染色，色素在牙釉质内，呈黄褐色斑块状，严重者牙齿表面还有不同程度的缺损，以上门牙最为明显，十分影响美观。内源性黄牙美白单靠刷牙是没有效果的，一定要采用专业的美白牙齿方法。<br /><br /> 　　冷光美白采用低温冷光配合亲水性药物牙面色素进行吸收瓦解，利用特殊的冷光作用在冷光美白剂上，达到美白效果，美白过程时间短，只需30分钟。而低温冷光也避免了治疗过程中对牙神经的刺激。美白后，牙齿不会出现严重的不适感。冷光美白操作比较简单。治疗后不需要恢复期与观察期。但要注意冷光美白后的24小时内，牙齿很容易再染色，需要注意避免饮用茶、咖啡、可乐、红酒、饮料及食用深色食物，同时要避免吸烟。</p>,<p> 　　内源性黄牙是由于牙齿在生长发育期造成的牙齿着色，色素不在牙齿表面而在牙齿组织内，主要包括四环素牙和氟斑牙。四环素牙是服用过多的四环素类药物在体内与钙质相结合，生成一种四环素钙的黄色复合物，沉积于牙冠上。氟斑牙则是七岁以前生活在高氟区摄入过多的氟造成的牙齿染色，色素在牙釉质内，呈黄褐色斑块状，严重者牙齿表面还有不同程度的缺损，以上门牙最为明显，十分影响美观。内源性黄牙美白单靠刷牙是没有效果的，一定要采用专业的美白牙齿方法。<br /><br /> 　　冷光美白采用低温冷光配合亲水性药物牙面色素进行吸收瓦解，利用特殊的冷光作用在冷光美白剂上，达到美白效果，美白过程时间短，只需30分钟。而低温冷光也避免了治疗过程中对牙神经的刺激。美白后，牙齿不会出现严重的不适感。冷光美白操作比较简单。治疗后不需要恢复期与观察期。但要注意冷光美白后的24小时内，牙齿很容易再染色，需要注意避免饮用茶、咖啡、可乐、红酒、饮料及食用深色食物，同时要避免吸烟。</p>,,,2017/5/31 10:39
15,3岁宝宝牙齿发黄的原因是什么？,医生你好，3岁宝宝牙齿发黄的原因是什么？宝宝今年3岁，牙齿发黄看上去特别的难看，这是怎么回事呢？宝宝这么小怎么发黄呢？那么究竟宝宝牙齿发黄的原因是什么呢？专家回复：3岁宝宝牙齿发黄的原因是什么？你好，下面让我们一起看看3岁宝宝牙齿发黄的原因是什么：,<p> 　　医生你好，3岁宝宝牙齿发黄的原因是什么？宝宝今年3岁，牙齿发黄看上去特别的难看，这是怎么回事呢？宝宝这么小怎么发黄呢？那么究竟宝宝牙齿发黄的原因是什么呢？<br /><br /> 　　专家回复：3岁宝宝牙齿发黄的原因是什么？<br /><br /> 　　你好，下面让我们一起看看3岁宝宝牙齿发黄的原因是什么：<br /><br /> 　　事实上3岁小孩牙齿发黄的原因主要有两大因素引起的：一是外源因素引起的，如不注意口腔卫生引起的色素沉积或牙结石附着导致的；二是内源性因素引起的，如在牙齿生长发育过程引起的氟斑牙、四环素牙等，都会引起牙齿发黄。<br /><br /> 　　总之，引起宝宝牙齿发黄的原因主要有以上三种情况，那么宝宝牙齿发黄怎么办？针对外源性因素引起的黄牙常采用洗牙的方法效果就不错；针对外源性因素引起的黄牙常采用牙贴面，冷光美白等方法。<br /><br /> 　　口腔医院提醒大家，为了宝宝的健康，要注意宝宝口腔卫生的维护，如帮宝宝刷牙，饭后漱口等，保持宝宝口腔卫生的清洁。</p>,<p> 　　医生你好，3岁宝宝牙齿发黄的原因是什么？宝宝今年3岁，牙齿发黄看上去特别的难看，这是怎么回事呢？宝宝这么小怎么发黄呢？那么究竟宝宝牙齿发黄的原因是什么呢？<br /><br /> 　　专家回复：3岁宝宝牙齿发黄的原因是什么？<br /><br /> 　　你好，下面让我们一起看看3岁宝宝牙齿发黄的原因是什么：<br /><br /> 　　事实上3岁小孩牙齿发黄的原因主要有两大因素引起的：一是外源因素引起的，如不注意口腔卫生引起的色素沉积或牙结石附着导致的；二是内源性因素引起的，如在牙齿生长发育过程引起的氟斑牙、四环素牙等，都会引起牙齿发黄。<br /><br /> 　　总之，引起宝宝牙齿发黄的原因主要有以上三种情况，那么宝宝牙齿发黄怎么办？针对外源性因素引起的黄牙常采用洗牙的方法效果就不错；针对外源性因素引起的黄牙常采用牙贴面，冷光美白等方法。<br /><br /> 　　口腔医院提醒大家，为了宝宝的健康，要注意宝宝口腔卫生的维护，如帮宝宝刷牙，饭后漱口等，保持宝宝口腔卫生的清洁。</p>,,,2017/6/1 10:39
16,遗传性黄牙怎么办,遗传性黄牙，由于有遗传性的因素在里面，所以一般非常不容易祛除，单单靠每日刷牙，洗牙是祛除不了的，但是又是非常的影响美观，那么对于遗传性的黄牙，该如何美白才是最好的呢？口腔专家表示，遗传性黄牙可以通过皓齿美白技术进行牙齿美白。皓齿美白技术通过氧化剂过氧化氢中的小分子，穿过牙,<p> 　　遗传性黄牙，由于有遗传性的因素在里面，所以一般非常不容易祛除，单单靠每日刷牙，洗牙是祛除不了的，但是又是非常的影响美观，那么对于遗传性的黄牙，该如何美白才是最好的呢？<br /><br /> 　　口腔专家表示，遗传性黄牙可以通过皓齿美白技术进行牙齿美白。皓齿美白技术通过氧化剂过氧化氢中的小分子，穿过牙釉质和牙本质渗透到牙齿的所有部分，在釉小柱间移动，分解清除牙齿变色的色素分子。不改变牙齿结构的情况下迅速产生美白作用，一小时就拥有洁白的牙齿。<br /><br /> 　　皓齿美白技术首创过氧化氢加硝酸钾和氟化物结合的美白方式，通过氧化剂美白牙齿，氟化剂保护牙齿。让牙釉质硬度增加，形成保护，使得原本不健康的牙齿经过美白后更加健康、自然、充满活力。皓齿美白技术中的硝酸钾，可防止神经细胞在治疗过程中的疼痛。对牙龈牙体均无伤害，缩短治疗时间，减少张口是长，舒适无痛。</p>,<p> 　　遗传性黄牙，由于有遗传性的因素在里面，所以一般非常不容易祛除，单单靠每日刷牙，洗牙是祛除不了的，但是又是非常的影响美观，那么对于遗传性的黄牙，该如何美白才是最好的呢？<br /><br /> 　　口腔专家表示，遗传性黄牙可以通过皓齿美白技术进行牙齿美白。皓齿美白技术通过氧化剂过氧化氢中的小分子，穿过牙釉质和牙本质渗透到牙齿的所有部分，在釉小柱间移动，分解清除牙齿变色的色素分子。不改变牙齿结构的情况下迅速产生美白作用，一小时就拥有洁白的牙齿。<br /><br /> 　　皓齿美白技术首创过氧化氢加硝酸钾和氟化物结合的美白方式，通过氧化剂美白牙齿，氟化剂保护牙齿。让牙釉质硬度增加，形成保护，使得原本不健康的牙齿经过美白后更加健康、自然、充满活力。皓齿美白技术中的硝酸钾，可防止神经细胞在治疗过程中的疼痛。对牙龈牙体均无伤害，缩短治疗时间，减少张口是长，舒适无痛。</p>,,,2017/6/2 10:39
17,如何去除黄牙,洁白整齐的牙齿是每个人的期望，可是不是每个人的牙齿都那么完美。日常生活中拥有黄牙的人有很多，严重的影响了他们的形象和自信。那么，有黄牙怎么办？对于中低度黄牙口腔医院采用美国第二代Beyond低温冷光美白技术，该技术不仅可以去除牙齿表面的色素沉积，同时可以进入牙齿深层达到美白脱,<p> 　　洁白整齐的牙齿是每个人的期望，可是不是每个人的牙齿都那么完美。日常生活中拥有黄牙的人有很多，严重的影响了他们的形象和自信。那么，有黄牙怎么办？<br /><br /> 　　对于中低度黄牙口腔医院采用美国第二代Beyond低温冷光美白技术，该技术不仅可以去除牙齿表面的色素沉积，同时可以进入牙齿深层达到美白脱色的效果。冷光美白的四大优势：<br /><br /> 　　1.快速美白：在牙齿表面上涂抹无害的美白材料之后，全口牙齿一次照射，大大缩短了美白时间。完成一次全口美白，短短45分钟时间，造就珍珠般靓齿。<br /><br /> 　　2.安全无痛：操作过程在牙齿表面涂抹特殊美白剂，美白过程不接触牙龈，对牙齿不会造成任何伤害。低温冷光不产生热效应，完全避免了操作过程中牙神经的不适感，不知不觉牙齿变白了。<br /><br /> 　　3.效果显着：美国Beyond冷光美白牙齿美白效果可提高8-14个色阶，不仅优于同类产品，更超过家用牙套美白效果35%以上，无副作用，美白效果显着持久。<br /><br /> 　　4.个性美白：美国Beyond蓝光美白独有的单颗牙齿美白功能，可针对问题牙齿进行单独美白，而不必影响其他牙齿色泽，极大的满足了个性化的需求。</p>,<p> 　　洁白整齐的牙齿是每个人的期望，可是不是每个人的牙齿都那么完美。日常生活中拥有黄牙的人有很多，严重的影响了他们的形象和自信。那么，有黄牙怎么办？<br /><br /> 　　对于中低度黄牙口腔医院采用美国第二代Beyond低温冷光美白技术，该技术不仅可以去除牙齿表面的色素沉积，同时可以进入牙齿深层达到美白脱色的效果。冷光美白的四大优势：<br /><br /> 　　1.快速美白：在牙齿表面上涂抹无害的美白材料之后，全口牙齿一次照射，大大缩短了美白时间。完成一次全口美白，短短45分钟时间，造就珍珠般靓齿。<br /><br /> 　　2.安全无痛：操作过程在牙齿表面涂抹特殊美白剂，美白过程不接触牙龈，对牙齿不会造成任何伤害。低温冷光不产生热效应，完全避免了操作过程中牙神经的不适感，不知不觉牙齿变白了。<br /><br /> 　　3.效果显着：美国Beyond冷光美白牙齿美白效果可提高8-14个色阶，不仅优于同类产品，更超过家用牙套美白效果35%以上，无副作用，美白效果显着持久。<br /><br /> 　　4.个性美白：美国Beyond蓝光美白独有的单颗牙齿美白功能，可针对问题牙齿进行单独美白，而不必影响其他牙齿色泽，极大的满足了个性化的需求。</p>,,,2017/6/3 10:39
18,牙齿发黄的原因,随着人们对美的追求，越来越多人开始注意牙齿问题，想要微笑时露出的牙齿是洁白整齐的。但现实中很多人的牙齿都呈现出发黄的状态，严重影响了日常生活，不利于自信心的塑造。到底牙齿发黄是什么原因呢?口腔医院专家介绍，造成牙齿发黄的因素一般由以下几点。1、健康因素：牙齿在发育过程,<p> 　　随着人们对美的追求，越来越多人开始注意牙齿问题，想要微笑时露出的牙齿是洁白整齐的。但现实中很多人的牙齿都呈现出发黄的状态，严重影响了日常生活，不利于自信心的塑造。到底牙齿发黄是什么原因呢?<br /><br /> 　　口腔医院专家介绍，造成牙齿发黄的因素一般由以下几点。<br /><br /> 　　1、健康因素：牙齿在发育过程中由于营养不好，使牙齿的钙化受到影响，牙齿会变黄松脆。<br /><br /> 　　2、水质因素：有些地方水中含氟量高，引用过多会导致牙齿变黄。<br /><br /> 　　3、药物因素：许多四环素类药物会导致牙齿发黄。<br /><br /> 　　4、卫生习惯：有些人不注重口腔卫生，没有养成良好的刷牙习惯，牙齿的表面堆积了一层食物残渣，导致黄牙产生。<br /><br /> 　　那么当黄牙产生后，应该怎么治疗呢？<br /><br /> 　　1、轻度外源性牙齿发黄发黑：超声波洁牙<br /><br /> 　　对于轻度外源性牙齿发黄发黑，采用超声波无痛洁牙是可以起到一定的美白效果的。但需要提醒的是，洗牙可以去除牙齿表面的色度、牙菌斑和牙结石，但是它不能彻底改变比较严重的色素对牙齿造成的深层影响。洗牙的目的主要是清洁，可以清除牙齿表面的咖啡渍、茶渍和烟渍以及日积月累的牙结石，所以看起来会更洁白。<br /><br /> 　　2、中度牙齿发黄发黑：冷光美白<br /><br /> 　　对于中度的外源性牙齿发黄发黑，可以采用冷光美白，它的原理在于通过冷光将药物渗透到牙齿组织中去，从而达到美白的效果。不过属于化学漂白的一种，对于牙齿釉质有一定伤害，可能出现冷热过敏的现象。但是具有快速，安全，持续时间长，效果显着等优点。美白的操作时间不用很长，仅需30分钟。低温冷光，完全避免了操作过程中对牙神经的刺激等诸多优点。<br /><br /> 　　3、严重内源性发黄发黑：光固化美容贴面<br /><br /> 　　光固化覆盖是利用光敏固化技术在牙齿表面覆盖瓷化树脂，其最大的优点是方便、快捷、迅速。可以快速改善患者的前牙美观。对于前牙氟斑牙、轻度四环素牙、牙齿发黄发黑、过小牙、牙间隙、外伤牙部分缺损等情况。光固化美容贴面是牙齿贴面修复的一种方式，就是把牙齿表面磨去一层，然后再用树脂贴面在患者口内制作，直接或间接粘结覆盖，遮住牙齿本身的颜色。其最大的优点是方便、快捷、迅速。树脂贴面可以快速改善患者的前牙美观。安全无痛苦，可选色，可修补，可重做，一次完成。</p>,<p> 　　随着人们对美的追求，越来越多人开始注意牙齿问题，想要微笑时露出的牙齿是洁白整齐的。但现实中很多人的牙齿都呈现出发黄的状态，严重影响了日常生活，不利于自信心的塑造。到底牙齿发黄是什么原因呢?<br /><br /> 　　口腔医院专家介绍，造成牙齿发黄的因素一般由以下几点。<br /><br /> 　　1、健康因素：牙齿在发育过程中由于营养不好，使牙齿的钙化受到影响，牙齿会变黄松脆。<br /><br /> 　　2、水质因素：有些地方水中含氟量高，引用过多会导致牙齿变黄。<br /><br /> 　　3、药物因素：许多四环素类药物会导致牙齿发黄。<br /><br /> 　　4、卫生习惯：有些人不注重口腔卫生，没有养成良好的刷牙习惯，牙齿的表面堆积了一层食物残渣，导致黄牙产生。<br /><br /> 　　那么当黄牙产生后，应该怎么治疗呢？<br /><br /> 　　1、轻度外源性牙齿发黄发黑：超声波洁牙<br /><br /> 　　对于轻度外源性牙齿发黄发黑，采用超声波无痛洁牙是可以起到一定的美白效果的。但需要提醒的是，洗牙可以去除牙齿表面的色度、牙菌斑和牙结石，但是它不能彻底改变比较严重的色素对牙齿造成的深层影响。洗牙的目的主要是清洁，可以清除牙齿表面的咖啡渍、茶渍和烟渍以及日积月累的牙结石，所以看起来会更洁白。<br /><br /> 　　2、中度牙齿发黄发黑：冷光美白<br /><br /> 　　对于中度的外源性牙齿发黄发黑，可以采用冷光美白，它的原理在于通过冷光将药物渗透到牙齿组织中去，从而达到美白的效果。不过属于化学漂白的一种，对于牙齿釉质有一定伤害，可能出现冷热过敏的现象。但是具有快速，安全，持续时间长，效果显着等优点。美白的操作时间不用很长，仅需30分钟。低温冷光，完全避免了操作过程中对牙神经的刺激等诸多优点。<br /><br /> 　　3、严重内源性发黄发黑：光固化美容贴面<br /><br /> 　　光固化覆盖是利用光敏固化技术在牙齿表面覆盖瓷化树脂，其最大的优点是方便、快捷、迅速。可以快速改善患者的前牙美观。对于前牙氟斑牙、轻度四环素牙、牙齿发黄发黑、过小牙、牙间隙、外伤牙部分缺损等情况。光固化美容贴面是牙齿贴面修复的一种方式，就是把牙齿表面磨去一层，然后再用树脂贴面在患者口内制作，直接或间接粘结覆盖，遮住牙齿本身的颜色。其最大的优点是方便、快捷、迅速。树脂贴面可以快速改善患者的前牙美观。安全无痛苦，可选色，可修补，可重做，一次完成。</p>,,,2017/6/4 10:39
19,怎样美白黄牙,"相信很多人有注意到，很多人的牙齿都是属于偏黄性的，那么面对难看的黄牙该怎么变白回来呢？我们来看一下口腔专家的讲解，希望可以给大家带来有利帮助。口腔专家介绍说，可以去药店买一些合适药物或者通过一些小窍门, 如用等量的食盐和苏打，加水少许混合搅拌成牙膏状用来刷牙，每个星期1-2次","<p> 　　相信很多人有注意到，很多人的牙齿都是属于偏黄性的，那么面对难看的黄牙该怎么变白回来呢？我们来看一下口腔专家的讲解，希望可以给大家带来有利帮助。<br /><br /> 　　口腔专家介绍说，可以去药店买一些合适药物或者通过一些小窍门, 如用等量的食盐和苏打，加水少许混合搅拌成牙膏状用来刷牙，每个星期1-2次，即可。除此之外，还需要注意个人卫生习惯,坚持正确的刷牙方法，能刷除牙菌斑，同时还可对牙龈进行按摩。最好用亮白形牙膏,饭后也可刷牙,也可以买牙贴等美牙用品。下面几种小窍门也可以帮你洁白牙齿：<br /><br /> 　　1.避免喝过多咖啡,茶等有色饮料,少吃巧克力。<br /><br /> 　　2.用柠檬汁洁白牙齿,每晚在刷牙后，用纱布沾些柠檬汁，摩擦牙齿，牙齿就会变得洁白光亮。 柠檬的洗净力强，又有洁白作用，且含有维他命C，能强固齿根。<br /><br /> 　　3.你可以试着使用牙粉很有效，就早起、睡前各刷一次。约五至十天就有成效出现了。很有效。<br /><br /> 　　4.用杏仁泡水去皮去尖捣烂加煅过的细盐早晚刷牙。东方人牙齿原本就有点黄，只要不是太严重，并不一定要美白。<br /><br /> 　　5、使牙齿变白的10种食物：芹菜、芭乐、香蕉、乳酪、无糖口香糖、薄荷、水、绿茶、洋葱、芥末等等。</p>","<p> 　　相信很多人有注意到，很多人的牙齿都是属于偏黄性的，那么面对难看的黄牙该怎么变白回来呢？我们来看一下口腔专家的讲解，希望可以给大家带来有利帮助。<br /><br /> 　　口腔专家介绍说，可以去药店买一些合适药物或者通过一些小窍门, 如用等量的食盐和苏打，加水少许混合搅拌成牙膏状用来刷牙，每个星期1-2次，即可。除此之外，还需要注意个人卫生习惯,坚持正确的刷牙方法，能刷除牙菌斑，同时还可对牙龈进行按摩。最好用亮白形牙膏,饭后也可刷牙,也可以买牙贴等美牙用品。下面几种小窍门也可以帮你洁白牙齿：<br /><br /> 　　1.避免喝过多咖啡,茶等有色饮料,少吃巧克力。<br /><br /> 　　2.用柠檬汁洁白牙齿,每晚在刷牙后，用纱布沾些柠檬汁，摩擦牙齿，牙齿就会变得洁白光亮。 柠檬的洗净力强，又有洁白作用，且含有维他命C，能强固齿根。<br /><br /> 　　3.你可以试着使用牙粉很有效，就早起、睡前各刷一次。约五至十天就有成效出现了。很有效。<br /><br /> 　　4.用杏仁泡水去皮去尖捣烂加煅过的细盐早晚刷牙。东方人牙齿原本就有点黄，只要不是太严重，并不一定要美白。<br /><br /> 　　5、使牙齿变白的10种食物：芹菜、芭乐、香蕉、乳酪、无糖口香糖、薄荷、水、绿茶、洋葱、芥末等等。</p>",,,2017/6/5 10:39
20,如何让黄牙变白,小希在公司一直是个活泼开朗特别外向的女生，平时非常喜欢讲笑话给大家听，她一到哪那里就充满笑声。但是至近却很少再见到她笑了，原来有人说她，笑起来一口黄牙实在非常难看。为了让牙齿美白，小希想了很多很多办法，但是效果都不佳。那么怎样才能让黄牙变白呢？口腔医院的专家介绍说，牙齿着色,<p> 　　小希在公司一直是个活泼开朗特别外向的女生，平时非常喜欢讲笑话给大家听，她一到哪那里就充满笑声。但是至近却很少再见到她笑了，原来有人说她，笑起来一口黄牙实在非常难看。为了让牙齿美白，小希想了很多很多办法，但是效果都不佳。那么怎样才能让黄牙变白呢？<br /><br /> 　　口腔医院的专家介绍说，牙齿着色、发黄大体上可以分为两个方面，即内源性和外源性。<br /><br /> 　　内源性着色是在牙齿发育过程中形成的，如四环素沉积在牙本质内，就会使得牙齿变成黄色、棕色或暗灰色，称为四环素牙；如果饮用水中含氟过多，也可能导致氟斑牙，牙面呈白粉笔色、棕褐色斑块，如果牙神经坏死与细菌分解产物结合也可使牙齿变黑。<br /><br /> 　　外源性着色是由于牙齿表面存在着多种细菌，它们分泌许多黏性物质，日常饮食中的茶垢、烟渍以及饮用水中的某些矿物质吸附在这些黏性物质上，逐渐使牙齿变黄或变黑。</p>,<p> 　　小希在公司一直是个活泼开朗特别外向的女生，平时非常喜欢讲笑话给大家听，她一到哪那里就充满笑声。但是至近却很少再见到她笑了，原来有人说她，笑起来一口黄牙实在非常难看。为了让牙齿美白，小希想了很多很多办法，但是效果都不佳。那么怎样才能让黄牙变白呢？<br /><br /> 　　口腔医院的专家介绍说，牙齿着色、发黄大体上可以分为两个方面，即内源性和外源性。<br /><br /> 　　内源性着色是在牙齿发育过程中形成的，如四环素沉积在牙本质内，就会使得牙齿变成黄色、棕色或暗灰色，称为四环素牙；如果饮用水中含氟过多，也可能导致氟斑牙，牙面呈白粉笔色、棕褐色斑块，如果牙神经坏死与细菌分解产物结合也可使牙齿变黑。<br /><br /> 　　外源性着色是由于牙齿表面存在着多种细菌，它们分泌许多黏性物质，日常饮食中的茶垢、烟渍以及饮用水中的某些矿物质吸附在这些黏性物质上，逐渐使牙齿变黄或变黑。</p>,,,2017/6/6 10:39
21,遗传性的黄牙应该怎么办,最近某事业单位李女士，一直为自己有遗传性黄牙苦恼，于是在网上查询了很多关于遗传性黄牙的相关信息，才得知遗传性黄牙因为遗传所致或者在母体发育时母亲因为某种原因造成胎儿牙齿黄牙的发生。遗传性黄牙应该怎么办？因为这口黄牙，李女士在生活中忍受了很多委屈，如不受领导重视,<p> 　　最近某事业单位李女士，一直为自己有遗传性黄牙苦恼，于是在网上查询了很多关于遗传性黄牙的相关信息，才得知遗传性黄牙因为遗传所致或者在母体发育时母亲因为某种原因造成胎儿牙齿黄牙的发生。<br /><br /> 　　遗传性黄牙应该怎么办？<br /><br /> 　　因为这口黄牙，李女士在生活中忍受了很多委屈，如不受领导重视，身边的朋友也渐渐远离她，最为严重的是没有异性朋友。眼看结婚的年龄到了，父母经常催促她，对此她异常烦恼。<br /><br /> 　　口腔专家对此表示，牙齿发黄不都是病态，把牙齿的剖开来看，纵断面有三层组织，最外面的是牙釉质，因人而异，略有出入，是因为每个人 牙齿的钙化程度不同，有的人牙齿呈乳白色，有的人是淡黄色，这都是健康的。可是许多黄牙就是不健康的形态了，应该及时进行美白治疗才能从根本上解决问题。<br /><br /> 　　口腔专家还表示，根据你黄牙情况，可以选择不同的方法进行美白。一般轻度天生黄牙可以采用美国皓齿美白技术，该技术只需要短短的时间，牙齿美白 效果立竿见影，即可让您拥有一口润白亮泽的牙齿。如果是重度天生黄牙，可以采用即刻仿生美容冠，采用3D数码矫正技术，结合脸型、肤色设计美牙方案，牙齿 美白之后坚固、大方。当天即可改善脸型和咬合关系，美牙只需7天，7天后能让你拥有笑露8颗齿的标准笑容。</p>,<p> 　　最近某事业单位李女士，一直为自己有遗传性黄牙苦恼，于是在网上查询了很多关于遗传性黄牙的相关信息，才得知遗传性黄牙因为遗传所致或者在母体发育时母亲因为某种原因造成胎儿牙齿黄牙的发生。<br /><br /> 　　遗传性黄牙应该怎么办？<br /><br /> 　　因为这口黄牙，李女士在生活中忍受了很多委屈，如不受领导重视，身边的朋友也渐渐远离她，最为严重的是没有异性朋友。眼看结婚的年龄到了，父母经常催促她，对此她异常烦恼。<br /><br /> 　　口腔专家对此表示，牙齿发黄不都是病态，把牙齿的剖开来看，纵断面有三层组织，最外面的是牙釉质，因人而异，略有出入，是因为每个人 牙齿的钙化程度不同，有的人牙齿呈乳白色，有的人是淡黄色，这都是健康的。可是许多黄牙就是不健康的形态了，应该及时进行美白治疗才能从根本上解决问题。<br /><br /> 　　口腔专家还表示，根据你黄牙情况，可以选择不同的方法进行美白。一般轻度天生黄牙可以采用美国皓齿美白技术，该技术只需要短短的时间，牙齿美白 效果立竿见影，即可让您拥有一口润白亮泽的牙齿。如果是重度天生黄牙，可以采用即刻仿生美容冠，采用3D数码矫正技术，结合脸型、肤色设计美牙方案，牙齿 美白之后坚固、大方。当天即可改善脸型和咬合关系，美牙只需7天，7天后能让你拥有笑露8颗齿的标准笑容。</p>,,,2017/6/7 10:39
22,黄牙齿变白的方法,如今多数人因生活习惯不好，也不用正确的刷牙方法刷牙，导致牙齿变黄。每个人都希望自己有一副白皙整齐的牙齿，在职场中可以胜人一筹，在亲戚朋友前可以自信风采。洁白的牙齿不但给自己的外表加分，也使得个人魅力增强。王小姐因牙齿黄黑，每次和人谈笑时不是遮住嘴巴，就是抿住嘴，怎么也不敢,<p> 　　如今多数人因生活习惯不好，也不用正确的刷牙方法刷牙，导致牙齿变黄。每个人都希望自己有一副白皙整齐的牙齿，在职场中可以胜人一筹，在亲戚朋友前可以自信风采。洁白的牙齿不但给自己的外表加分，也使得个人魅力增强。<br /><br /> 　　王小姐因牙齿黄黑，每次和人谈笑时不是遮住嘴巴，就是抿住嘴，怎么也不敢露出自己的牙齿，看到别的女孩子都可以露出洁白的牙齿，她心里是无限羡慕。自从来到了口腔医院，口腔医院的医师立即为她做了冷光美白，现在啊，她不再为牙齿暗黄而烦恼了，人也变得自信起来。<br /><br /> 　　一、超声波喷砂洗牙<br /><br /> 　　如果是抽烟或者是喝茶引起的牙齿发黄、发黑等现象。超声波喷砂洗牙就可以解决的。如果是天生的牙齿发黄、发黑等现象可以采用树脂贴面或者是冷光美白对牙齿进行美白。超声波喷沙洗牙是用高压气流把一种盐喷到牙齿表面，去除牙齿表面和缝隙的污物，使牙齿更洁白。<br /><br /> 　　二、冷光美白<br /><br /> 　　牙齿很黄多数是由于长期色素沉积的作用形成的，口腔医师推荐大家冷光美白，全面亮白牙齿，提升牙齿美态。冷光美白是目前医疗技术中的佼佼者，不但能够快速、安全有效地使牙齿变白，并且耐久不易破坏色彩。<br /><br /> 　　冷光牙齿美白是将波长介于480-520纳米之间的高强度蓝光，经由光纤传导，通过两片30多层镀膜的特殊光学镜片，再经过特殊光学处理，隔除一切有害的紫外线和红外线，将过氧化氢和直径为20纳米的二氧化硅等为主体的美白剂，快速产生氧化还原作用。透过牙小管，去除牙齿表面及深层附着的色素，从而达到美白的效果。</p>,<p> 　　如今多数人因生活习惯不好，也不用正确的刷牙方法刷牙，导致牙齿变黄。每个人都希望自己有一副白皙整齐的牙齿，在职场中可以胜人一筹，在亲戚朋友前可以自信风采。洁白的牙齿不但给自己的外表加分，也使得个人魅力增强。<br /><br /> 　　王小姐因牙齿黄黑，每次和人谈笑时不是遮住嘴巴，就是抿住嘴，怎么也不敢露出自己的牙齿，看到别的女孩子都可以露出洁白的牙齿，她心里是无限羡慕。自从来到了口腔医院，口腔医院的医师立即为她做了冷光美白，现在啊，她不再为牙齿暗黄而烦恼了，人也变得自信起来。<br /><br /> 　　一、超声波喷砂洗牙<br /><br /> 　　如果是抽烟或者是喝茶引起的牙齿发黄、发黑等现象。超声波喷砂洗牙就可以解决的。如果是天生的牙齿发黄、发黑等现象可以采用树脂贴面或者是冷光美白对牙齿进行美白。超声波喷沙洗牙是用高压气流把一种盐喷到牙齿表面，去除牙齿表面和缝隙的污物，使牙齿更洁白。<br /><br /> 　　二、冷光美白<br /><br /> 　　牙齿很黄多数是由于长期色素沉积的作用形成的，口腔医师推荐大家冷光美白，全面亮白牙齿，提升牙齿美态。冷光美白是目前医疗技术中的佼佼者，不但能够快速、安全有效地使牙齿变白，并且耐久不易破坏色彩。<br /><br /> 　　冷光牙齿美白是将波长介于480-520纳米之间的高强度蓝光，经由光纤传导，通过两片30多层镀膜的特殊光学镜片，再经过特殊光学处理，隔除一切有害的紫外线和红外线，将过氧化氢和直径为20纳米的二氧化硅等为主体的美白剂，快速产生氧化还原作用。透过牙小管，去除牙齿表面及深层附着的色素，从而达到美白的效果。</p>,,,2017/6/8 10:39
23,黄牙应该怎么美白呢,黄牙应该怎么美白呢?由于某种原因牙齿变的发黄发黑，严重影响了牙齿的美观，因此美白黄牙很重要，那么黄牙应该选择哪种美白方法比较好呢?下面口腔医院专家为大家介绍下有关内容。黄牙应该怎么美白呢？牙齿发黄主要是由于内源性和外源性两种因素而导致的。说的简单一些，就是可能是爱,<p> 　　黄牙应该怎么美白呢?由于某种原因牙齿变的发黄发黑，严重影响了牙齿的美观，因此美白黄牙很重要，那么黄牙应该选择哪种美白方法比较好呢?下面口腔医院专家为大家介绍下有关内容。<br /><br /> 　　黄牙应该怎么美白呢？<br /><br /> 　　牙齿发黄主要是由于内源性和外源性两种因素而导致的。说的简单一些，就是可能是爱美者在平时的日常生活中食用了一些带有色素的食物和饮料，比如，喝茶或者抽烟等引起的;有的牙齿黄也是由于四环素药物、生质等原因导致。<br /><br /> 　　牙齿发黄可以采用冷光美白使得牙齿变白。冷光美白通过两片经30多次镀膜处理的光学镜片，照射到涂抹在牙齿表面上的以过氧化氢和直径20nm的二氧化硅等为主体的特殊美白剂上，操作过程仅需三十分钟。<br /><br /> 　　冷光牙齿美白技术的效果可提高5～14个vita色阶，能有效地抑制牙菌斑的形成，刺激。因此被公认是目前最有效及安全的牙齿美白技术，一般美白效果可以维持3～5年。</p>,<p> 　　黄牙应该怎么美白呢?由于某种原因牙齿变的发黄发黑，严重影响了牙齿的美观，因此美白黄牙很重要，那么黄牙应该选择哪种美白方法比较好呢?下面口腔医院专家为大家介绍下有关内容。<br /><br /> 　　黄牙应该怎么美白呢？<br /><br /> 　　牙齿发黄主要是由于内源性和外源性两种因素而导致的。说的简单一些，就是可能是爱美者在平时的日常生活中食用了一些带有色素的食物和饮料，比如，喝茶或者抽烟等引起的;有的牙齿黄也是由于四环素药物、生质等原因导致。<br /><br /> 　　牙齿发黄可以采用冷光美白使得牙齿变白。冷光美白通过两片经30多次镀膜处理的光学镜片，照射到涂抹在牙齿表面上的以过氧化氢和直径20nm的二氧化硅等为主体的特殊美白剂上，操作过程仅需三十分钟。<br /><br /> 　　冷光牙齿美白技术的效果可提高5～14个vita色阶，能有效地抑制牙菌斑的形成，刺激。因此被公认是目前最有效及安全的牙齿美白技术，一般美白效果可以维持3～5年。</p>,,,2017/6/9 10:39
24,黄牙的美白方法有哪些,黄牙的美白方法有哪些 一、内源性的黄牙：这主要就有氟斑牙等着色病牙。对于这类色素牙齿，主要就是必须得从里面清理为起。主要的一些美白方法就有： 黄牙是可以美白的 1、彩光美白：它将高强度彩光定点照射，操作过程不接触牙龈，不会造成任何损害。它不仅可以去除牙齿表面的色素沉积，及深层所附着的色素，其美白效果,<p> 一、内源性的黄牙：这主要就有氟斑牙等着色病牙。对于这类色素牙齿，主要就是必须得从里面清理为起。主要的一些美白方法就有：<br /><br /> 黄牙是可以美白的<br /><br /> 1、彩光美白：它将高强度彩光定点照射，操作过程不接触牙龈，不会造成任何损害。它不仅可以去除牙齿表面的色素沉积，及深层所附着的色素，其美白效果更加持久有效。一次治疗可以使全口16-20颗牙齿提高5-14个VITA色阶，平均提升8个VITA色阶以上，美白效果至少可维持5年以上，全程美牙洁牙仅需30分钟!<br /><br /> 2、美牙冠美白：美牙冠适用于一切对牙齿形态和色泽不满意：牙齿排列不齐、牙齿稀疏、牙齿排列拥挤、重度四环素牙、氟斑牙、暴牙、个小牙、牙齿颜色难看、早期烤瓷牙修复色泽形态不美观以及其它想要牙齿更完美的人群。<br /><br /> 二、外源性的黄牙：这可能主要就是因为患者不良的生活习惯引起的牙齿表面着色。比如：经常性喝咖啡、食用色素深的食物。这些都可能会导致牙齿变黄。而对于这类外源性的黄牙治疗，最简单的方法就是进行正规的洗牙治疗，将牙齿表面的色素沉积去除干净。经常用到的方法除了以上的几种，还有超声波洗牙、牙齿贴面等。这些都能够有效的去除或遮挡色素，使牙齿瞬间变白。</p>,<p> 一、内源性的黄牙：这主要就有氟斑牙等着色病牙。对于这类色素牙齿，主要就是必须得从里面清理为起。主要的一些美白方法就有：<br /><br /> 黄牙是可以美白的<br /><br /> 1、彩光美白：它将高强度彩光定点照射，操作过程不接触牙龈，不会造成任何损害。它不仅可以去除牙齿表面的色素沉积，及深层所附着的色素，其美白效果更加持久有效。一次治疗可以使全口16-20颗牙齿提高5-14个VITA色阶，平均提升8个VITA色阶以上，美白效果至少可维持5年以上，全程美牙洁牙仅需30分钟!<br /><br /> 2、美牙冠美白：美牙冠适用于一切对牙齿形态和色泽不满意：牙齿排列不齐、牙齿稀疏、牙齿排列拥挤、重度四环素牙、氟斑牙、暴牙、个小牙、牙齿颜色难看、早期烤瓷牙修复色泽形态不美观以及其它想要牙齿更完美的人群。<br /><br /> 二、外源性的黄牙：这可能主要就是因为患者不良的生活习惯引起的牙齿表面着色。比如：经常性喝咖啡、食用色素深的食物。这些都可能会导致牙齿变黄。而对于这类外源性的黄牙治疗，最简单的方法就是进行正规的洗牙治疗，将牙齿表面的色素沉积去除干净。经常用到的方法除了以上的几种，还有超声波洗牙、牙齿贴面等。这些都能够有效的去除或遮挡色素，使牙齿瞬间变白。</p>,,,2017/6/10 10:39
25,如何让发黄的牙齿变白,如何让发黄的牙齿变白 随着年龄的增大，或者经常食用有色食物的话，都会导致牙齿发黄，黄牙对于我们的美观影响是非常大的，只能进行牙齿美白才能还原洁白的牙齿。那么牙齿发黄是怎么回事??如何让发黄的牙齿变白?下面一起来了解下吧。 牙齿发黄要及时的美白 牙齿发黄是怎么回事? 口腔医院专家介绍，造成牙齿发黄的原,<p> 随着年龄的增大，或者经常食用有色食物的话，都会导致牙齿发黄，黄牙对于我们的美观影响是非常大的，只能进行牙齿美白才能还原洁白的牙齿。那么牙齿发黄是怎么回事??如何让发黄的牙齿变白?下面一起来了解下吧。<br /><br /> 牙齿发黄要及时的美白<br /><br /> 牙齿发黄是怎么回事?<br /><br /> 口腔医院专家介绍，造成牙齿发黄的原因一般有下面几个因素：<br /><br /> 一、内源性：是在牙色发育过程中产生了着色，除了遗传因素外，最常见的就是由于药物引起的牙齿发黄，比如四环素沉积在牙齿内部，就会使牙齿变黄;另外如果饮用水里面含有太多的氟，也可能导致氟斑牙，其症状就是牙面出现白粉笔色，棕褐色斑块。<br /><br /> 二、外源性：是由于牙齿表面存在多种细菌，它们在牙齿表面分泌许多黏性物质。由于日常饮食如喝茶、饮咖啡，吸烟等等都会在我们的牙齿上留下色素，这些色素吸附在这些黏性物质上，逐步使牙齿表面变黄或变黑。<br /><br /> 牙齿发黄不仅影响了我们的外在形象，而且还会影响到患者的口腔健康，因此需要及时进行牙齿美白。<br /><br /> 那么如何让牙齿变白?<br /><br /> 口腔医院专家介绍，要想让牙齿变白，<br /><br /> 首先，可以到医院进行超声波洗牙，不仅可以去除口腔内的异物，而且在去除牙结石的同时还能对牙齿进行一定的美牙。洗牙可半年左右洗一次，另外平时可选用具有美白牙齿功能的牙膏，注意少吸烟、少喝有色饮料。<br /><br /> 其次，可以采用药物漂洗法。主要适用于轻度的色素牙、牙釉质发育不全，因年龄增长牙釉质改变引起的牙色发黄。药物漂洗法的原理是：医生先根据你的牙形做一付牙托，然后每天晚上睡前把漂白溶剂点进定做的牙托内，戴在牙齿上来达到逐渐去除污渍的漂白效果。药物脱色风险小、见效快、大概需三周时间治疗。<br /><br /> 再有，也可以进行冷光美白，它是一项正流行于欧美的最新兴的牙齿美白技术，是将高强度彩光定点照射，从而达到美白的效果。不仅可以去除牙齿表面的色素沉积，及深层所附着的色素，而且美白效果持久有效，仅需短短的30分钟，即可让您拥有一口润白亮泽的牙齿。</p>,<p> 随着年龄的增大，或者经常食用有色食物的话，都会导致牙齿发黄，黄牙对于我们的美观影响是非常大的，只能进行牙齿美白才能还原洁白的牙齿。那么牙齿发黄是怎么回事??如何让发黄的牙齿变白?下面一起来了解下吧。<br /><br /> 牙齿发黄要及时的美白<br /><br /> 牙齿发黄是怎么回事?<br /><br /> 口腔医院专家介绍，造成牙齿发黄的原因一般有下面几个因素：<br /><br /> 一、内源性：是在牙色发育过程中产生了着色，除了遗传因素外，最常见的就是由于药物引起的牙齿发黄，比如四环素沉积在牙齿内部，就会使牙齿变黄;另外如果饮用水里面含有太多的氟，也可能导致氟斑牙，其症状就是牙面出现白粉笔色，棕褐色斑块。<br /><br /> 二、外源性：是由于牙齿表面存在多种细菌，它们在牙齿表面分泌许多黏性物质。由于日常饮食如喝茶、饮咖啡，吸烟等等都会在我们的牙齿上留下色素，这些色素吸附在这些黏性物质上，逐步使牙齿表面变黄或变黑。<br /><br /> 牙齿发黄不仅影响了我们的外在形象，而且还会影响到患者的口腔健康，因此需要及时进行牙齿美白。<br /><br /> 那么如何让牙齿变白?<br /><br /> 口腔医院专家介绍，要想让牙齿变白，<br /><br /> 首先，可以到医院进行超声波洗牙，不仅可以去除口腔内的异物，而且在去除牙结石的同时还能对牙齿进行一定的美牙。洗牙可半年左右洗一次，另外平时可选用具有美白牙齿功能的牙膏，注意少吸烟、少喝有色饮料。<br /><br /> 其次，可以采用药物漂洗法。主要适用于轻度的色素牙、牙釉质发育不全，因年龄增长牙釉质改变引起的牙色发黄。药物漂洗法的原理是：医生先根据你的牙形做一付牙托，然后每天晚上睡前把漂白溶剂点进定做的牙托内，戴在牙齿上来达到逐渐去除污渍的漂白效果。药物脱色风险小、见效快、大概需三周时间治疗。<br /><br /> 再有，也可以进行冷光美白，它是一项正流行于欧美的最新兴的牙齿美白技术，是将高强度彩光定点照射，从而达到美白的效果。不仅可以去除牙齿表面的色素沉积，及深层所附着的色素，而且美白效果持久有效，仅需短短的30分钟，即可让您拥有一口润白亮泽的牙齿。</p>,,,2017/6/11 10:39
26,黄牙的美白技术,黄牙的美白技术 俗话说&rdquo;一白遮三丑&ldquo;，一口洁白靓丽的牙齿，可以为你增添不少美观效果。但是现在市面上有很许多牙齿美白的方式，究竟哪种才是效果最理想的呢？好莱坞美白与超声波美白有什么区别？ 黄牙美白多少钱 口腔医院称，其实超声波美白就是指的超声波洁牙，只可以去除牙齿表面的牙结石以,"<p> 俗话说&rdquo;一白遮三丑&ldquo;，一口洁白靓丽的牙齿，可以为你增添不少美观效果。但是现在市面上有很许多牙齿美白的方式，究竟哪种才是效果最理想的呢？好莱坞美白与超声波美白有什么区别？<br /><br /> 黄牙美白多少钱<br /><br /> 口腔医院称，其实超声波美白就是指的超声波洁牙，只可以去除牙齿表面的牙结石以及色素,并不能改变牙齿本身的颜色的。很多人觉得用了超声波洁牙后，牙齿会变白，其实是露出了牙齿本来的颜色，并不是牙齿真的变白了。所以想要牙齿变白变漂亮，还是要使用口腔医院的好莱坞牙齿美白技术。次技术可以解决内源性黄牙、外源性黄牙、死髓牙、氟斑牙、轻度四环素牙等多种牙齿美白问题。深层美白，效果持久有保障。<br /><br /> 为什么都说极光&middot;好莱坞美白技术好<br /><br /> 极光&middot;好莱坞美白技术来自美国，其富含氧自由基美白因子，能迅速参透牙釉质、牙本质，无需光照快速分解、清除牙变色的色素分子，及深层所附着的色素。独有亲水性配方在美白牙齿的同时为牙齿补充更多水分，杜绝&quot;脱水性&quot;美白假象，让牙齿形成自然水润通透感，展现莹白皓齿。</p>","<p> 俗话说&rdquo;一白遮三丑&ldquo;，一口洁白靓丽的牙齿，可以为你增添不少美观效果。但是现在市面上有很许多牙齿美白的方式，究竟哪种才是效果最理想的呢？好莱坞美白与超声波美白有什么区别？<br /><br /> 黄牙美白多少钱<br /><br /> 口腔医院称，其实超声波美白就是指的超声波洁牙，只可以去除牙齿表面的牙结石以及色素,并不能改变牙齿本身的颜色的。很多人觉得用了超声波洁牙后，牙齿会变白，其实是露出了牙齿本来的颜色，并不是牙齿真的变白了。所以想要牙齿变白变漂亮，还是要使用口腔医院的好莱坞牙齿美白技术。次技术可以解决内源性黄牙、外源性黄牙、死髓牙、氟斑牙、轻度四环素牙等多种牙齿美白问题。深层美白，效果持久有保障。<br /><br /> 为什么都说极光&middot;好莱坞美白技术好<br /><br /> 极光&middot;好莱坞美白技术来自美国，其富含氧自由基美白因子，能迅速参透牙釉质、牙本质，无需光照快速分解、清除牙变色的色素分子，及深层所附着的色素。独有亲水性配方在美白牙齿的同时为牙齿补充更多水分，杜绝&quot;脱水性&quot;美白假象，让牙齿形成自然水润通透感，展现莹白皓齿。</p>",,,2017/6/12 10:39
27,怎么样美白黄牙,怎么样美白黄牙 看着别人有着雪白的牙齿，灿烂的笑容，再看看我们发黄的牙齿我们羡慕不已。不敢大笑，害怕露出自己发黄发黑的牙齿，很多人因为牙齿不够白而对自己的笑容失去信心，所以我们可以选择给自己的牙齿美白，其实是有很多的方式的。 黄牙如何美白 超声波洁牙：适用于外源性的黄牙。可以去除压迫牙龈的硬块的牙结,<p> 看着别人有着雪白的牙齿，灿烂的笑容，再看看我们发黄的牙齿我们羡慕不已。不敢大笑，害怕露出自己发黄发黑的牙齿，很多人因为牙齿不够白而对自己的笑容失去信心，所以我们可以选择给自己的牙齿美白，其实是有很多的方式的。<br /><br /> 黄牙如何美白<br /><br /> 超声波洁牙：适用于外源性的黄牙。可以去除压迫牙龈的硬块的牙结石，防治牙周病，也可去除牙面的染色。但值得注意的是，两次超声波 洁牙的最短间隙时间为3个月或6个月，因为洁牙后绘制牙面上留下很 浅的划痕，必须经过一段时间由唾液中的钙使它再矿化才能恢复。应在时间上有很好的规划。<br /><br /> 树脂贴面:是把成品牙片贴在牙齿表面，缺点是容易脱落。适合比较多牙齿黑黄，但经济能力有限，无法接受烤瓷牙的患者。烤瓷牙的患者可以考虑下别的。<br /><br /> 覆盖遮色技术：适用于四环素牙和氟斑牙，方法是用弱酸先将牙 面腐蚀，使牙面有小的凹凸不平面，然后用光敏树脂涂在着色牙面使 之结固。效果自然逼真，而且坚固光泽。但时间长了也会变色老化 (最多能维持三年)，需要重新退还修补。<br /><br /> 烤瓷冠牙：将需美白的牙失活，并磨成锥形，戴上烤瓷冠，使牙齿变的洁白美丽，并耐磨，持久不褪色。是一个比较好的方法。<br /><br /> 美白剂美白：我们会根据你的牙齿形态为你专门加工一个美白牙套，另外配上专业的美白剂每天晚上佩戴，一周后效果明显。一样可以拥有洁白的牙齿。</p>,<p> 看着别人有着雪白的牙齿，灿烂的笑容，再看看我们发黄的牙齿我们羡慕不已。不敢大笑，害怕露出自己发黄发黑的牙齿，很多人因为牙齿不够白而对自己的笑容失去信心，所以我们可以选择给自己的牙齿美白，其实是有很多的方式的。<br /><br /> 黄牙如何美白<br /><br /> 超声波洁牙：适用于外源性的黄牙。可以去除压迫牙龈的硬块的牙结石，防治牙周病，也可去除牙面的染色。但值得注意的是，两次超声波 洁牙的最短间隙时间为3个月或6个月，因为洁牙后绘制牙面上留下很 浅的划痕，必须经过一段时间由唾液中的钙使它再矿化才能恢复。应在时间上有很好的规划。<br /><br /> 树脂贴面:是把成品牙片贴在牙齿表面，缺点是容易脱落。适合比较多牙齿黑黄，但经济能力有限，无法接受烤瓷牙的患者。烤瓷牙的患者可以考虑下别的。<br /><br /> 覆盖遮色技术：适用于四环素牙和氟斑牙，方法是用弱酸先将牙 面腐蚀，使牙面有小的凹凸不平面，然后用光敏树脂涂在着色牙面使 之结固。效果自然逼真，而且坚固光泽。但时间长了也会变色老化 (最多能维持三年)，需要重新退还修补。<br /><br /> 烤瓷冠牙：将需美白的牙失活，并磨成锥形，戴上烤瓷冠，使牙齿变的洁白美丽，并耐磨，持久不褪色。是一个比较好的方法。<br /><br /> 美白剂美白：我们会根据你的牙齿形态为你专门加工一个美白牙套，另外配上专业的美白剂每天晚上佩戴，一周后效果明显。一样可以拥有洁白的牙齿。</p>,,,2017/6/13 10:39
28,黄牙的分类,黄牙的分类 每天能灿烂的微笑是人生最美的事了，然而，如果您本身拥有一口非常难看的黄牙，还可以自信的微笑了吗？为了能拥有洁白美丽的牙齿，她们会纷纷寻找美白牙齿的方法。到底哪种方法见效最快呢？ 黄牙如何美白 黄牙怎么美白 外源性染色素牙可采用生活中的牙齿美白方法进行美白，牙齿美白也可以通过医院洗牙，如喷,<p> 每天能灿烂的微笑是人生最美的事了，然而，如果您本身拥有一口非常难看的黄牙，还可以自信的微笑了吗？为了能拥有洁白美丽的牙齿，她们会纷纷寻找美白牙齿的方法。到底哪种方法见效最快呢？<br /><br /> 黄牙如何美白<br /><br /> 黄牙怎么美白 外源性染色素牙可采用生活中的牙齿美白方法进行美白，牙齿美白也可以通过医院洗牙，如喷砂洁牙、超声波洁牙等，当然，也可通过冷光牙齿美白技术来解决牙齿黄的问题，这些方法对外源性色素牙都能起到很好的美白效果。<br /><br /> 内源性色素牙可通过真美冠来进行修复改善。真美冠的方法很简单，只需通过磨除一小部分的牙齿组织，戴上真美冠就能达到改善黄牙的目的了。这种方法见效快，且非常安全。不过，美白黑牙的三种方法。它只适合成年人，未成年人是不适合的。<br /><br /> 黄牙美白的关键就是搞清楚自己是哪种类型的黄牙，再采取合适的方案来达到改善黄牙的目的。二者都能达到快速的目的，所以很受欢迎。</p>,<p> 每天能灿烂的微笑是人生最美的事了，然而，如果您本身拥有一口非常难看的黄牙，还可以自信的微笑了吗？为了能拥有洁白美丽的牙齿，她们会纷纷寻找美白牙齿的方法。到底哪种方法见效最快呢？<br /><br /> 黄牙如何美白<br /><br /> 黄牙怎么美白 外源性染色素牙可采用生活中的牙齿美白方法进行美白，牙齿美白也可以通过医院洗牙，如喷砂洁牙、超声波洁牙等，当然，也可通过冷光牙齿美白技术来解决牙齿黄的问题，这些方法对外源性色素牙都能起到很好的美白效果。<br /><br /> 内源性色素牙可通过真美冠来进行修复改善。真美冠的方法很简单，只需通过磨除一小部分的牙齿组织，戴上真美冠就能达到改善黄牙的目的了。这种方法见效快，且非常安全。不过，美白黑牙的三种方法。它只适合成年人，未成年人是不适合的。<br /><br /> 黄牙美白的关键就是搞清楚自己是哪种类型的黄牙，再采取合适的方案来达到改善黄牙的目的。二者都能达到快速的目的，所以很受欢迎。</p>,,,2017/6/14 10:39
29,如何美白内源性黄牙,如何美白内源性黄牙 相信拥有一口洁白的牙齿是生活当中每个人的心愿，以至于一听说有什么办法对牙齿可以进行美白，患者们都想试一试。引起牙齿着色的原因非常的多，有局部因素，也有全身性因素，有外源性因素，也有内源性因素。那内源性的牙黄是什么原因？如何美白内源性黄牙呢？ 黄牙美白多少钱 口腔医院专家介绍，这主,<p> 相信拥有一口洁白的牙齿是生活当中每个人的心愿，以至于一听说有什么办法对牙齿可以进行美白，患者们都想试一试。引起牙齿着色的原因非常的多，有局部因素，也有全身性因素，有外源性因素，也有内源性因素。那内源性的牙黄是什么原因？如何美白内源性黄牙呢？<br /><br /> 黄牙美白多少钱<br /><br /> 口腔医院专家介绍，这主要是牙齿在生长发育期间或萌出后受到人体内在或全身因素的影响，导致牙体硬组织结构发生了非常严重的改变，牙齿出现了永久性的颜色的变化，像四环素牙、氟斑牙等。而对于内源性的牙黄的，传统的洗牙、刷牙效果是不佳的，因为色素已经沉积到牙本质深层，外层的清洁无法清除深层的色素的。<br /><br /> 那么，对于内源性的牙黄，那么应该如何来进行美白呢？对此，口腔医院专家介绍以下几种修复内源性牙黄的方法：<br /><br /> 1、漂白脱色法。将漂白剂作用于着色牙，使牙齿着色部分或全部脱色，医学上称之为牙齿漂白脱色法。目前，常用的牙齿漂白剂有浓度为30%的过氧化氢，以及刺激性较小的浓度为10%~15%的过氧脲素。复合树脂遮盖法上世纪80年代以来逐渐开展的一项技术，是将具有天然牙色的高分子复合树脂固定在着色牙的表面，从而恢复牙齿的正常颜色。<br /><br /> 2、烤瓷贴面法。烤瓷全冠或贴面修复对于颜色很深并伴有釉质缺损的重度四环素牙，通过漂白脱色法和复合树脂遮盖法是很难达到满意效果的，最好的选择就是烤瓷全冠或贴面修复。<br /><br /> 为了您的口腔健康，清除口腔疾患，牙黄患者必须及早就诊，由医生找出牙齿着色的原因，有针对性地进行治疗，不要自行使用广告宣称的能美白牙齿的产品，以免延误病情。</p>,<p> 相信拥有一口洁白的牙齿是生活当中每个人的心愿，以至于一听说有什么办法对牙齿可以进行美白，患者们都想试一试。引起牙齿着色的原因非常的多，有局部因素，也有全身性因素，有外源性因素，也有内源性因素。那内源性的牙黄是什么原因？如何美白内源性黄牙呢？<br /><br /> 黄牙美白多少钱<br /><br /> 口腔医院专家介绍，这主要是牙齿在生长发育期间或萌出后受到人体内在或全身因素的影响，导致牙体硬组织结构发生了非常严重的改变，牙齿出现了永久性的颜色的变化，像四环素牙、氟斑牙等。而对于内源性的牙黄的，传统的洗牙、刷牙效果是不佳的，因为色素已经沉积到牙本质深层，外层的清洁无法清除深层的色素的。<br /><br /> 那么，对于内源性的牙黄，那么应该如何来进行美白呢？对此，口腔医院专家介绍以下几种修复内源性牙黄的方法：<br /><br /> 1、漂白脱色法。将漂白剂作用于着色牙，使牙齿着色部分或全部脱色，医学上称之为牙齿漂白脱色法。目前，常用的牙齿漂白剂有浓度为30%的过氧化氢，以及刺激性较小的浓度为10%~15%的过氧脲素。复合树脂遮盖法上世纪80年代以来逐渐开展的一项技术，是将具有天然牙色的高分子复合树脂固定在着色牙的表面，从而恢复牙齿的正常颜色。<br /><br /> 2、烤瓷贴面法。烤瓷全冠或贴面修复对于颜色很深并伴有釉质缺损的重度四环素牙，通过漂白脱色法和复合树脂遮盖法是很难达到满意效果的，最好的选择就是烤瓷全冠或贴面修复。<br /><br /> 为了您的口腔健康，清除口腔疾患，牙黄患者必须及早就诊，由医生找出牙齿着色的原因，有针对性地进行治疗，不要自行使用广告宣称的能美白牙齿的产品，以免延误病情。</p>,,,2017/6/15 10:39
30,,,,,,,
31,,,,,,,
32,,,,,,,
33,,,,,,,
34,,,,,,,
35,,,,,,,
36,,,,,,,
37,,,,,,,
38,,,,,,,
39,,,,,,,
40,,,,,,,
41,,,,,,,
42,,,,,,,
43,,,,,,,
44,,,,,,,
45,,,,,,,
46,,,,,,,
47,,,,,,,
48,,,,,,,
49,,,,,,,
50,,,,,,,
51,,,,,,,
52,,,,,,,
53,,,,,,,
54,,,,,,,
55,,,,,,,
56,,,,,,,
57,,,,,,,
58,,,,,,,
59,,,,,,,
60,,,,,,,
61,,,,,,,
62,,,,,,,
63,,,,,,,
64,,,,,,,
65,,,,,,,
66,,,,,,,
67,,,,,,,
68,,,,,,,
69,,,,,,,
70,,,,,,,
71,,,,,,,
72,,,,,,,
73,,,,,,,
74,,,,,,,
75,,,,,,,
76,,,,,,,
77,,,,,,,
78,,,,,,,
79,,,,,,,
80,,,,,,,
81,,,,,,,
82,,,,,,,
83,,,,,,,
84,,,,,,,
85,,,,,,,
86,,,,,,,
87,,,,,,,
88,,,,,,,
89,,,,,,,
90,,,,,,,
91,,,,,,,
92,,,,,,,
93,,,,,,,
94,,,,,,,
95,,,,,,,
96,,,,,,,
97,,,,,,,
98,,,,,,,
99,,,,,,,
100,,,,,,,
101,,,,,,,
102,,,,,,,
103,,,,,,,
104,,,,,,,
105,,,,,,,
106,,,,,,,
107,,,,,,,
108,,,,,,,
109,,,,,,,
110,,,,,,,
111,,,,,,,
112,,,,,,,
113,,,,,,,
114,,,,,,,
115,,,,,,,
116,,,,,,,
117,,,,,,,
118,,,,,,,
119,,,,,,,
120,,,,,,,
121,,,,,,,
122,,,,,,,
123,,,,,,,
124,,,,,,,
125,,,,,,,
126,,,,,,,
127,,,,,,,
128,,,,,,,
129,,,,,,,
130,,,,,,,
131,,,,,,,
132,,,,,,,